,id,created,tweetId,tweets,len,source,topic,tweet_like_count,tweet_retweet_count,hashtags,preprocessing,text,sentiment
0,1.67E+18,2023-06-17 18:41:24+00:00,QuickPay ÙƒÙˆÙŠÙƒ Ø¨Ø§ÙŠ,"@mo_707070 Ø§Ù„Ø³Ù„Ø§Ù… Ø¹Ù„ÙŠÙƒÙ… ÙˆØ±Ø­Ù…Ø© Ø§Ù„Ù„Ù‡ Ùˆ Ø¨Ø±ÙƒØ§ØªÙ‡  ğŸŒ¹
ÙŠØ³Ø¹Ø¯Ù†Ø§ ØªÙˆØ§ØµÙ„Ùƒ Ù…Ø¹Ù†Ø§ØŒ 
 ÙŠØ±Ø¬Ù‰ Ø§Ù„ØªÙˆØ§ØµÙ„ Ù…Ø¹Ù†Ø§ Ø¹Ù„Ù‰ Ø§Ù„Ø±Ù‚Ù… 920000330 Ø®Ø¯Ù…Ø© Ø¹Ù…Ù„Ø§Ø¡ ÙƒÙˆÙŠÙƒ Ø¨Ø§ÙŠ
ÙˆØ¥Ù† Ø´Ø§Ø¡ Ø§Ù„Ù„Ù‡ Ø£Ù† Ù†ÙƒÙˆÙ† Ø¹Ù†Ø",186,Verint Messaging,QuickPay_SNB,0,0,[],"@mo_707070 Peace be upon you and God's mercy and blessings  ğŸŒ¹
We are pleased to hear from you, 
 please contact us on 920000330 Quick Pay Customer Service
God wants us to always be good to you.
Have ğŸ’ša nice day.", Peace be upon you and Gods mercy and blessings rose We are pleased to hear from you please contact us on Quick Pay Customer Service God wants us to always be good to you Have greenhearta nice day,3
1,1.67E+18,2023-06-17 18:10:04+00:00,mohamedğŸ‘‘,"@QuickPay_SNB

Ø§Ù„Ø³Ù„Ø§Ù… Ø¹Ù„ÙŠÙƒÙ…
Ø­ÙˆÙ„Øª Ù…Ø¨Ù„Øº Ø§Ù„Ù‰ Ø§Ù„ÙŠÙ…Ù† ÙˆØ§Ù„Ù‰ Ø§Ù„Ø­ÙŠÙ† Ù„Ù… ØªØµÙ„ Ø§Ù„Ø­ÙˆØ§Ù„Ø©ØŸØŸ",75,Twitter for Android,QuickPay_SNB,0,0,[],"@QuickPay_SNB

Assalamu Alaykum
I transferred an amount to Yemen and so far the transfer has not arrived??", Assalamu Alaykum I transferred an amount to Yemen and so far the transfer has not arrived,3
2,1.67E+18,2023-06-15 19:08:58+00:00,QuickPay ÙƒÙˆÙŠÙƒ Ø¨Ø§ÙŠ,"@hsamalfqyh5 Ø§Ù„Ø³Ù„Ø§Ù… Ø¹Ù„ÙŠÙƒÙ… ÙˆØ±Ø­Ù…Ø© Ø§Ù„Ù„Ù‡ ÙˆØ¨Ø±ÙƒØ§ØªÙ‡   ğŸŒ¹
ØªØ¨Ø´Ø± Ø¨Ø§Ù„Ù„ÙŠ ÙŠØ±Ø¶ÙŠÙƒ
Ø±Ø§Ø­ Ù†ØªÙˆØ§ØµÙ„ Ù…Ø¹Ùƒ Ø¹Ø¨Ø± Ø§Ù„Ø±Ø³Ø§Ø¦Ù„ Ø§Ù„Ø®Ø§ØµØ© Ù„Ù…Ø¹Ø±ÙØ© Ø§Ù„Ù…Ø²ÙŠØ¯ Ù…Ù† Ø§Ù„ØªÙØ§ØµÙŠÙ„ ÙˆÙ„ÙŠØªØ³Ù‡Ù„ Ø¹Ù„ÙŠÙ†Ø§ Ù…Ø³Ø§Ø¹Ø",166,Verint Messaging,QuickPay_SNB,0,0,[],"@ hsamalfqyh5 May the peace, mercy and blessings of God be upon you.   ğŸŒ¹
We will contact you
via private messages to find out more details and to make it easier for us to help you.
Have a nice day
ğŸ’š, SD.", hsamalfqyh5 May the peace mercy and blessings of God be upon you rose We will contact you via private messages to find out more details and to make it easier for us to help you Have nice day greenheart SLaughingbiggrinorlaughwithglasses,3
3,1.67E+18,2023-06-15 18:55:51+00:00,.,"@QuickPay_SNB Ø§Ù„Ø³Ù„Ø§Ù… Ø¹Ù„ÙŠÙƒÙ… ÙˆØ±Ø­Ù…Ø© Ø§Ù„Ù„Ù‡ ÙˆØ¨Ø±ÙƒØ§ØªÙ‡ 
Ø­Ø°ÙØª Ø§Ù„ØªØ·Ø¨ÙŠÙ‚ ÙˆØ³ÙˆÙŠØª ÙƒÙ„ Ø´ÙŠØ¡ ÙÙŠ Ø§Ù„Ø¬ÙˆØ§Ù„ ÙˆÙ„Ø§ ÙÙŠÙ‡ ÙØ§ÙŠØ¯Ù‡ ÙˆØªØ·Ø¨ÙŠÙ‚Ø§Øª Ø§Ù„Ø¨Ù†ÙˆÙƒ ØªÙØªØ­ https://t.co/7Dw5YhumsF",141,Twitter for iPhone,QuickPay_SNB,0,0,[],"@QuickPay_SNB May the peace, mercy and blessings of God be upon you 
I deleted the application and settled everything on the mobile and it is useless and the banking applications open https://t.co/7Dw5YhumsF", May the peace mercy and blessings of God be upon you I deleted the application and settled everything on the mobile and it is useless and the banking applications open ,1
4,1.67E+18,2023-06-15 10:38:53+00:00,QuickPay ÙƒÙˆÙŠÙƒ Ø¨Ø§ÙŠ,"@itts091 Ø§Ù„Ø³Ù„Ø§Ù… Ø¹Ù„ÙŠÙƒÙ… ÙˆØ±Ø­Ù…Ø© Ø§Ù„Ù„Ù‡ ÙˆØ¨Ø±ÙƒØ§ØªÙ‡  ğŸŒ¹
Ø¨Ø¯Ø§ÙŠØ© Ù†ØªØ£Ø³Ù Ù…Ù†Ùƒ Ø¹Ù„Ù‰ Ø¹Ø¯Ù… Ø­ØµÙˆÙ„Ùƒ Ø¹Ù„Ù‰ Ø§Ù„Ø®Ø¯Ù…Ø© Ø§Ù„Ù…Ø·Ù„ÙˆØ¨Ø©ØŒ ÙˆØªØ£ÙƒØ¯ Ø¨Ø£Ù†Ù†Ø§ Ø¨Ø®Ø¯Ù…ØªÙƒ Ø¯Ø§Ø¦Ù…Ø§Ù‹.
Ø±Ø§Ø­ Ù†ØªÙˆØ§ØµÙ„ Ù…Ø¹Ùƒ Ø¹Ø¨Ø± Ø§Ù„Ø",234,Verint Messaging,QuickPay_SNB,0,0,[],"@ itts091 May the peace, mercy and blessings of God be upon you.  ğŸŒ¹
First of all, we are sorry that you did not receive the required service, and make sure that we are always at your service.
We will contact you via private messages to find out more de", itts091 May the peace mercy and blessings of God be upon you rose First of all we are sorry that you did not receive the required service and make sure that we are always at your service We will contact you via private messages to find out more details and to make it easier for us to help you Your mind is only good MLaughingbiggrinorlaughwithglasses,3
5,1.67E+18,2023-06-15 07:33:21+00:00,QuickPay ÙƒÙˆÙŠÙƒ Ø¨Ø§ÙŠ,"@dL8gsWQ6u1DNQMh Ø§Ù„Ø³Ù„Ø§Ù… Ø¹Ù„ÙŠÙƒÙ… ÙˆØ±Ø­Ù…Ø© Ø§Ù„Ù„Ù‡ Ùˆ Ø¨Ø±ÙƒØ§ØªÙ‡  ğŸŒ¹
Ø§Ø¨Ø´Ø± ÙˆÙ„Ø§ÙŠÙ‡Ù…Ùƒ ØŒ
ÙŠØ±Ø¬Ù‰ ØªØ²ÙˆÙŠØ¯Ù†Ø§ Ø¨Ø±Ù‚Ù… Ø§Ù„Ø·Ù„Ø¨ Ø§Ùˆ Ø§Ù„Ø´ÙƒÙˆÙ‰  Ù„ÙŠØªØ³Ù†Ù‰ Ù„Ù†Ø§ Ø®Ø¯Ù…ØªÙƒ
Ù†Ù†ØªØ¸Ø±Ùƒ â³

ÙŠÙˆÙ…Ùƒ Ø³Ø¹ÙŠØ¯ ğŸ’š
(Ø¨.Ù…) ht",171,Verint Messaging,QuickPay_SNB,0,0,[],"@ dL8gsWQ6u1DNQMh May the peace, mercy and blessings of God be upon you.  ğŸŒ¹
Please provide us with the
application or complaint number so that we can serve you
We're waiting for you.

Have a nice day. ğŸ’š
(PM) https://t.co/AAwmOHsdEx", dL8gsWQ6u1LaughingbiggrinorlaughwithglassesNQMh May the peace mercy and blessings of God be upon you rose Please provide us with the application or complaint number so that we can serve you Were waiting for you Have nice day greenheart PM ,3
6,1.67E+18,2023-06-15 06:01:41+00:00,ÙŠØ³Ø±ÙŠ Ù…Ø­Ù…Ø¯ Ù…Ù‚Ø¨ÙˆÙ„,@QuickPay_SNB @yunis2021 Ø§Ù„Ø³Ù„Ø§Ù… Ø¹Ù„ÙŠÙƒÙ… Ø­ÙˆÙ„Øª Ø­ÙˆØ§Ù„Ø© Ù„Ù„ÙŠÙ…Ù† ÙˆÙ…Ø§ Ø±Ø¶Ùˆ ÙŠØ³Ù„Ù…ÙˆÙ‡ Ø§Ù„Ø­ÙˆØ§Ù„Ø© Ø¨Ø³Ø¨Ø¨ Ø®Ø·Ø£ Ø¨Ø³ÙŠØ· ÙÙŠ Ø§Ø³Ù… Ø§Ù„Ù…Ø³ØªÙ„Ù… Ù‚Ø¯Ù…Øª Ø·Ù„Ø¨ Ø¥Ù„ØºØ§Ø¡ Ø§Ù„Ø­ÙˆØ§Ù„Ø© Ù…Ù† ØªØ§Ø±ÙŠØ® 30 Ù…Ø§ÙŠÙˆ ÙˆÙ„Ø­Ø¯ Ø§,179,Twitter for Android,QuickPay_SNB,0,0,[],@QuickPay_SNB @ yunis2021 Assalamu Alaykum I transferred a transfer to Yemen and they did not want to hand over the transfer because of a simple error in the name of the recipient I submitted a request to cancel the transfer from May 30 until now I have n, yunis2021 Assalamu Alaykum transferred transfer to Yemen and they did not want to hand over the transfer because of simple error in the name of the recipient submitted request to cancel the transfer from May until now have not returned the money to my account,2
7,1.67E+18,2023-06-14 14:48:41+00:00,QuickPay ÙƒÙˆÙŠÙƒ Ø¨Ø§ÙŠ,"@MuhammadAElMaks Ø§Ù„Ø³Ù„Ø§Ù… Ø¹Ù„ÙŠÙƒÙ… ÙˆØ±Ø­Ù…Ø© Ø§Ù„Ù„Ù‡ Ùˆ Ø¨Ø±ÙƒØ§ØªÙ‡ ğŸŒ¹
ØªÙˆØ§ØµÙ„Ù†Ø§ Ù…Ø¹Ùƒ Ø¹Ø¨Ø± Ø§Ù„Ø®Ø§Øµ ğŸ“© ÙÙŠ Ù…Ø§ ÙŠØ®Øµ Ø§Ø³ØªÙØ³Ø§Ø±Ùƒ,
 Ù†Ù†ØªØ¸Ø±Ùƒ â³
ÙŠÙˆÙ…Ùƒ Ø³Ø¹ÙŠØ¯ ğŸ’š

(Ø­ . Ø§)",126,Verint Messaging,QuickPay_SNB,0,0,[],"@ MuhammadAElMaksMay the peace, mercy and blessings of God be upon you ğŸŒ¹
We have contacted you ğŸ“© privately regarding your inquiry,
 We're waiting for you.
Have a nice day.

 ğŸ’š( H-A)", MuhammadAElMaksMay the peace mercy and blessings of God be upon you rose We have contacted you envelopewitharrow privately regarding your inquiry Were waiting for you Have nice day greenheart HA,3
8,1.67E+18,2023-06-14 14:48:29+00:00,QuickPay ÙƒÙˆÙŠÙƒ Ø¨Ø§ÙŠ,"@MuhammadAElMaks Ø§Ù„Ø³Ù„Ø§Ù… Ø¹Ù„ÙŠÙƒÙ… ÙˆØ±Ø­Ù…Ø© Ø§Ù„Ù„Ù‡ Ùˆ Ø¨Ø±ÙƒØ§ØªÙ‡ ğŸŒ¹
ØªÙˆØ§ØµÙ„Ù†Ø§ Ù…Ø¹Ùƒ Ø¹Ø¨Ø± Ø§Ù„Ø®Ø§Øµ ğŸ“© ÙÙŠ Ù…Ø§ ÙŠØ®Øµ Ø§Ø³ØªÙØ³Ø§Ø±Ùƒ,
 Ù†Ù†ØªØ¸Ø±Ùƒ â³
ÙŠÙˆÙ…Ùƒ Ø³Ø¹ÙŠØ¯ ğŸ’š

(Ø­ . Ø§)",126,Verint Messaging,QuickPay_SNB,0,0,[],"@ MuhammadAElMaksMay the peace, mercy and blessings of God be upon you ğŸŒ¹
We have contacted you ğŸ“© privately regarding your inquiry,
 We're waiting for you.
Have a nice day.

 ğŸ’š( H-A)", MuhammadAElMaksMay the peace mercy and blessings of God be upon you rose We have contacted you envelopewitharrow privately regarding your inquiry Were waiting for you Have nice day greenheart HA,3
9,1.67E+18,2023-06-14 14:48:19+00:00,QuickPay ÙƒÙˆÙŠÙƒ Ø¨Ø§ÙŠ,"@MuhammadAElMaks Ø§Ù„Ø³Ù„Ø§Ù… Ø¹Ù„ÙŠÙƒÙ… ÙˆØ±Ø­Ù…Ø© Ø§Ù„Ù„Ù‡ Ùˆ Ø¨Ø±ÙƒØ§ØªÙ‡ ğŸŒ¹
ØªÙˆØ§ØµÙ„Ù†Ø§ Ù…Ø¹Ùƒ Ø¹Ø¨Ø± Ø§Ù„Ø®Ø§Øµ ğŸ“© ÙÙŠ Ù…Ø§ ÙŠØ®Øµ Ø§Ø³ØªÙØ³Ø§Ø±Ùƒ,
 Ù†Ù†ØªØ¸Ø±Ùƒ â³
ÙŠÙˆÙ…Ùƒ Ø³Ø¹ÙŠØ¯ ğŸ’š

(Ø­ . Ø§)",126,Verint Messaging,QuickPay_SNB,0,0,[],"@ MuhammadAElMaksMay the peace, mercy and blessings of God be upon you ğŸŒ¹
We have contacted you ğŸ“© privately regarding your inquiry,
 We're waiting for you.
Have a nice day.

 ğŸ’š( H-A)", MuhammadAElMaksMay the peace mercy and blessings of God be upon you rose We have contacted you envelopewitharrow privately regarding your inquiry Were waiting for you Have nice day greenheart HA,3
10,1.67E+18,2023-06-14 14:48:09+00:00,QuickPay ÙƒÙˆÙŠÙƒ Ø¨Ø§ÙŠ,"@MuhammadAElMaks Ø§Ù„Ø³Ù„Ø§Ù… Ø¹Ù„ÙŠÙƒÙ… ÙˆØ±Ø­Ù…Ø© Ø§Ù„Ù„Ù‡ Ùˆ Ø¨Ø±ÙƒØ§ØªÙ‡ ğŸŒ¹
ØªÙˆØ§ØµÙ„Ù†Ø§ Ù…Ø¹Ùƒ Ø¹Ø¨Ø± Ø§Ù„Ø®Ø§Øµ ğŸ“© ÙÙŠ Ù…Ø§ ÙŠØ®Øµ Ø§Ø³ØªÙØ³Ø§Ø±Ùƒ,
 Ù†Ù†ØªØ¸Ø±Ùƒ â³
ÙŠÙˆÙ…Ùƒ Ø³Ø¹ÙŠØ¯ ğŸ’š

(Ø­ . Ø§)",126,Verint Messaging,QuickPay_SNB,0,0,[],"@ MuhammadAElMaksMay the peace, mercy and blessings of God be upon you ğŸŒ¹
We have contacted you ğŸ“© privately regarding your inquiry,
 We're waiting for you.
Have a nice day.

 ğŸ’š( H-A)", MuhammadAElMaksMay the peace mercy and blessings of God be upon you rose We have contacted you envelopewitharrow privately regarding your inquiry Were waiting for you Have nice day greenheart HA,3
11,1.67E+18,2023-06-14 13:50:53+00:00,Muhammad,@QuickPay_SNB ÙˆØ§Ù„Ù„Ù‡ Ø¹ÙŠØ¨ Ø¹Ù„ÙŠÙƒÙ… Ù„ÙŠØ§ ÙŠÙˆÙ…ÙŠÙ† Ø¹Ø§ÙˆØ² Ø£Ø¹Ù…Ù„ ØªØ­ÙˆÙŠÙ„ ÙˆÙ…Ø´ Ø¹Ø§Ø±ÙØŒ ÙˆØ¨Ø³Ø£Ù„ÙƒÙ… Ø³Ø¤Ø§Ù„ Ø¥ÙŠÙ‡ Ù‡Ùˆ Ø§Ù„Ø­Ø¯ Ø§Ù„Ø¯Ù†Ù‰ Ù„Ù„ØªØ­ÙˆÙŠÙ„ Ø§Ù„Ø¯ÙˆÙ„ÙŠ ÙˆÙ„Ø§ ÙÙŠÙ‡ Ø±Ø¯ ÙˆÙ„Ø§ ÙÙŠÙ‡ Ø¥Ø¬Ø§Ø¨Ø© ÙˆÙ„Ø§ Ø£ÙŠ Ø§Ø­ØªØ,157,Twitter Web App,QuickPay_SNB,0,0,[],"@QuickPay_SNB By God, it is a shame for you that for two days I want to make a transfer, and I do not know, and I ask you a question, which is the minimum amount of international transfer, and there is no response, no answer, and no respect for the custom", By God it is shame for you that for two days want to make transfer and do not know and ask you question which is the minimum amount of international transfer and there is no response no answer and no respect for the customer,2
12,1.67E+18,2023-06-14 13:50:33+00:00,Muhammad,@QuickPay_SNB ÙˆØ§Ù„Ù„Ù‡ Ø¹ÙŠØ¨ Ø¹Ù„ÙŠÙƒÙ… Ù„ÙŠØ§ ÙŠÙˆÙ…ÙŠÙ† Ø¹Ø§ÙˆØ² Ø£Ø¹Ù…Ù„ ØªØ­ÙˆÙŠÙ„ ÙˆÙ…Ø´ Ø¹Ø§Ø±ÙØŒ ÙˆØ¨Ø³Ø£Ù„ÙƒÙ… Ø³Ø¤Ø§Ù„ Ø¥ÙŠÙ‡ Ù‡Ùˆ Ø§Ù„Ø­Ø¯ Ø§Ù„Ø¯Ù†Ù‰ Ù„Ù„ØªØ­ÙˆÙŠÙ„ Ø§Ù„Ø¯ÙˆÙ„ÙŠ ÙˆÙ„Ø§ ÙÙŠÙ‡ Ø±Ø¯ ÙˆÙ„Ø§ ÙÙŠÙ‡ Ø¥Ø¬Ø§Ø¨Ø© ÙˆÙ„Ø§ Ø£ÙŠ Ø§Ø­ØªØ,157,Twitter Web App,QuickPay_SNB,0,0,[],"@QuickPay_SNB By God, it is a shame for you that for two days I want to make a transfer, and I do not know, and I ask you a question, which is the minimum amount of international transfer, and there is no response, no answer, and no respect for the custom", By God it is shame for you that for two days want to make transfer and do not know and ask you question which is the minimum amount of international transfer and there is no response no answer and no respect for the customer,2
13,1.67E+18,2023-06-14 13:50:25+00:00,Muhammad,@QuickPay_SNB ÙˆØ§Ù„Ù„Ù‡ Ø¹ÙŠØ¨ Ø¹Ù„ÙŠÙƒÙ… Ù„ÙŠØ§ ÙŠÙˆÙ…ÙŠÙ† Ø¹Ø§ÙˆØ² Ø£Ø¹Ù…Ù„ ØªØ­ÙˆÙŠÙ„ ÙˆÙ…Ø´ Ø¹Ø§Ø±ÙØŒ ÙˆØ¨Ø³Ø£Ù„ÙƒÙ… Ø³Ø¤Ø§Ù„ Ø¥ÙŠÙ‡ Ù‡Ùˆ Ø§Ù„Ø­Ø¯ Ø§Ù„Ø¯Ù†Ù‰ Ù„Ù„ØªØ­ÙˆÙŠÙ„ Ø§Ù„Ø¯ÙˆÙ„ÙŠ ÙˆÙ„Ø§ ÙÙŠÙ‡ Ø±Ø¯ ÙˆÙ„Ø§ ÙÙŠÙ‡ Ø¥Ø¬Ø§Ø¨Ø© ÙˆÙ„Ø§ Ø£ÙŠ Ø§Ø­ØªØ,157,Twitter Web App,QuickPay_SNB,0,0,[],"@QuickPay_SNB By God, it is a shame for you that for two days I want to make a transfer, and I do not know, and I ask you a question, which is the minimum amount of international transfer, and there is no response, no answer, and no respect for the custom", By God it is shame for you that for two days want to make transfer and do not know and ask you question which is the minimum amount of international transfer and there is no response no answer and no respect for the customer,2
14,1.67E+18,2023-06-14 13:50:18+00:00,Muhammad,@QuickPay_SNB ÙˆØ§Ù„Ù„Ù‡ Ø¹ÙŠØ¨ Ø¹Ù„ÙŠÙƒÙ… Ù„ÙŠØ§ ÙŠÙˆÙ…ÙŠÙ† Ø¹Ø§ÙˆØ² Ø£Ø¹Ù…Ù„ ØªØ­ÙˆÙŠÙ„ ÙˆÙ…Ø´ Ø¹Ø§Ø±ÙØŒ ÙˆØ¨Ø³Ø£Ù„ÙƒÙ… Ø³Ø¤Ø§Ù„ Ø¥ÙŠÙ‡ Ù‡Ùˆ Ø§Ù„Ø­Ø¯ Ø§Ù„Ø¯Ù†Ù‰ Ù„Ù„ØªØ­ÙˆÙŠÙ„ Ø§Ù„Ø¯ÙˆÙ„ÙŠ ÙˆÙ„Ø§ ÙÙŠÙ‡ Ø±Ø¯ ÙˆÙ„Ø§ ÙÙŠÙ‡ Ø¥Ø¬Ø§Ø¨Ø© ÙˆÙ„Ø§ Ø£ÙŠ Ø§Ø­ØªØ,157,Twitter Web App,QuickPay_SNB,0,0,[],"@QuickPay_SNB By God, it is a shame for you that for two days I want to make a transfer, and I do not know, and I ask you a question, which is the minimum amount of international transfer, and there is no response, no answer, and no respect for the custom", By God it is shame for you that for two days want to make transfer and do not know and ask you question which is the minimum amount of international transfer and there is no response no answer and no respect for the customer,2
15,1.67E+18,2023-06-13 23:39:12+00:00,QuickPay ÙƒÙˆÙŠÙƒ Ø¨Ø§ÙŠ,"@_donianada Ø§Ù„Ø³Ù„Ø§Ù… Ø¹Ù„ÙŠÙƒÙ… ÙˆØ±Ø­Ù…Ø© Ø§Ù„Ù„Ù‡ Ùˆ Ø¨Ø±ÙƒØ§ØªÙ‡ ğŸŒ¹
ØªÙˆØ§ØµÙ„Ù†Ø§ Ù…Ø¹Ùƒ Ø¹Ø¨Ø± Ø§Ù„Ø®Ø§Øµ ğŸ“© ÙÙŠ Ù…Ø§ ÙŠØ®Øµ Ø§Ø³ØªÙØ³Ø§Ø±Ùƒ,
 Ù†Ù†ØªØ¸Ø±Ùƒ â³
ÙŠÙˆÙ…Ùƒ Ø³Ø¹ÙŠØ¯ ğŸ’š
 (Ø¬ . Ø§)",121,Verint Messaging,QuickPay_SNB,0,0,[],"@_donianada May the peace, mercy and blessings of God be upon you ğŸŒ¹
We have contacted you ğŸ“© privately regarding your inquiry,
 We're waiting for you.
Have a nice day.
 ğŸ’š(J.A.)", May the peace mercy and blessings of God be upon you rose We have contacted you envelopewitharrow privately regarding your inquiry Were waiting for you Have nice day greenheartJA,3
16,1.67E+18,2023-06-13 23:10:15+00:00,Nada,@QuickPay_SNB  ØªØ·Ø¨ÙŠÙ‚ÙƒÙ… Ù…Ø§ Ù‚Ø¯Ø±Øª Ø§Ø­Ø°ÙÙ‡ Ù„ÙŠØ´ Ù…Ø§ ÙŠÙ†Ø­Ø°Ù,49,Twitter for iPhone,QuickPay_SNB,0,0,[],"@QuickPay_SNB  Your application could not be deleted, why would it not be deleted?", Your application could not be deleted why would it not be deleted,2
17,1.67E+18,2023-06-13 10:55:05+00:00,QuickPay ÙƒÙˆÙŠÙƒ Ø¨Ø§ÙŠ,"@alatemi Ø§Ù„Ø³Ù„Ø§Ù… Ø¹Ù„ÙŠÙƒÙ… ÙˆØ±Ø­Ù…Ø© Ø§Ù„Ù„Ù‡ ÙˆØ¨Ø±ÙƒØ§ØªÙ‡  ğŸŒ¹
Ø¨Ø¯Ø§ÙŠØ© Ù†ØªØ£Ø³Ù Ù…Ù†Ùƒ Ø¹Ù„Ù‰ Ø¹Ø¯Ù… Ø­ØµÙˆÙ„Ùƒ Ø¹Ù„Ù‰ Ø§Ù„Ø®Ø¯Ù…Ø© Ø§Ù„Ù…Ø·Ù„ÙˆØ¨Ø©ØŒ ÙˆØªØ£ÙƒØ¯ Ø¨Ø£Ù†Ù†Ø§ Ø¨Ø®Ø¯Ù…ØªÙƒ Ø¯Ø§Ø¦Ù…Ø§Ù‹.
Ø±Ø§Ø­ Ù†ØªÙˆØ§ØµÙ„ Ù…Ø¹Ùƒ Ø¹Ø¨Ø± Ø§Ù„Ø",234,Verint Messaging,QuickPay_SNB,0,0,[],"@ alatemi May the peace, mercy and blessings of God be upon you.  ğŸŒ¹
First of all, we are sorry that you did not receive the required service, and make sure that we are always at your service.
We will contact you via private messages to find out more de", alatemi May the peace mercy and blessings of God be upon you rose First of all we are sorry that you did not receive the required service and make sure that we are always at your service We will contact you via private messages to find out more details and to make it easier for us to help you Your mind is only good MLaughingbiggrinorlaughwithglasses,3
18,1.67E+18,2023-06-12 20:08:30+00:00,QuickPay ÙƒÙˆÙŠÙƒ Ø¨Ø§ÙŠ,"@jay74993229 Ø§Ù„Ø³Ù„Ø§Ù… Ø¹Ù„ÙŠÙƒÙ… ÙˆØ±Ø­Ù…Ø© Ø§Ù„Ù„Ù‡ ÙˆØ¨Ø±ÙƒØ§ØªÙ‡   ğŸŒ¹
ØªØ¨Ø´Ø± Ø¨Ø§Ù„Ù„ÙŠ ÙŠØ±Ø¶ÙŠÙƒ
Ø±Ø§Ø­ Ù†ØªÙˆØ§ØµÙ„ Ù…Ø¹Ùƒ Ø¹Ø¨Ø± Ø§Ù„Ø±Ø³Ø§Ø¦Ù„ Ø§Ù„Ø®Ø§ØµØ© Ù„Ù„Ù…Ø²ÙŠØ¯ Ù…Ù† Ø§Ù„ØªÙØ§ØµÙŠÙ„ ÙˆÙ„ÙŠØªØ³Ù‡Ù„ Ø¹Ù„ÙŠÙ†Ø§ Ù…Ø³Ø§Ø¹Ø¯ØªÙƒ.
ÙŠÙˆÙ…",159,Verint Messaging,QuickPay_SNB,0,0,[],"@ jay74993229 May the peace, mercy and blessings of God be upon you.   ğŸŒ¹
We will communicate with you
via private messages for more details and to make it easier for us to help you.
Have a nice day

ğŸ’š, P.R.", jay74993229 May the peace mercy and blessings of God be upon you rose We will communicate with you via private messages for more details and to make it easier for us to help you Have nice day greenheart PR,3
19,1.67E+18,2023-06-12 19:41:43+00:00,jay,"@QuickPay_SNB  Ø§Ù„Ø³Ù„Ø§Ù… Ø¹Ù„ÙŠÙƒÙ… 
Ø§Ø¨ØºØ§ Ø§Ø¯Ø®Ù„ Ø§Ù„Ø§ÙƒØ§ÙˆÙ†Øª ÙˆÙŠÙ‚ÙˆÙ„ Ù„ÙŠ Ø·ÙÙŠ Ø§Ù„ VPN ÙˆØ§Ù†Ø§ Ù…Ø§Ø¹Ù†Ø¯ÙŠ Ø§Ø³Ø§Ø³Ø§ ØŸ Ø§ÙŠØ´ Ø§Ù„Ù…Ø´ÙƒÙ„Ù‡ ØŸØŸ",102,Twitter for iPhone,QuickPay_SNB,0,0,[],"@QuickPay_SNB  Assalamu Alaykum 
Do I want to enter the passwords and tell me to turn off the VPN and I do not already have? What is the problem?", Assalamu Alaykum Laughingbiggrinorlaughwithglasseso want to enter the passwords and tell me to turn off the VPN and do not already have What is the problem,2
20,1.67E+18,2023-06-12 07:49:36+00:00,QuickPay ÙƒÙˆÙŠÙƒ Ø¨Ø§ÙŠ,Transfer money to#Philippine at compatitive exchange rate though@Quick_Pay digital channels https://t.co/eUj5afebIB,115,Twitter Media Studio,QuickPay_SNB,2,0,[],Transfer money to#Philippine at compatitive exchange rate though@Quick_Pay digital channels https://t.co/eUj5afebIB,Transfer money to at compatitive exchange rate though digital channels ,2
21,1.67E+18,2023-06-11 11:18:07+00:00,Ø§Ø¨Ùˆ Ø±Ø³Ø§Ù… ğŸŒ¹6066,"#Ø§Ù„Ø¯ÙØ¹Ù‡_Ø§Ù„Ø§Ø¶Ø§ÙÙŠÙ‡_Ø§Ù„Ø§Ù‡Ù„ÙŠ
Ø§Ù„Ø¹Ù…ÙŠÙ„ Ø¨Ø­Ø§Ø¬Ù‡ Ø¨Ø§Ù„Ø¯ÙØ¹Ù‡ Ø§Ù„Ø§Ø¶Ø§ÙÙŠÙ‡ Ù„Ù„Ø¨Ù†Ø§Ø¡ Ø§Ù„Ø°Ø§ØªÙŠ Ø¹Ù…Ù„Ø§Ø¡ Ø§Ù„Ø¨Ù†ÙˆÙƒ Ø§Ù„Ø§Ø®Ø±Ù‰ Ø³ÙƒÙ†Ùˆ Ù…Ù†Ø§Ø²Ù„Ù‡Ù… Ù…Ø§Ø¹Ø¯Ù‰ Ø¹Ù…Ù„Ø§Ø¡ Ø§Ù„Ø¨Ù†Ùƒ Ø§Ù„Ø§Ù‡Ù„ÙŠ @snbalahli
 @SNBCares 
@SAMA_GOV
 @redfksa 
@SaudiHousingCC 
@RedfKsaCC  
@Capital_SNB 
@QuickPay_SNB",227,Twitter for iPhone,QuickPay_SNB,0,0,['Ø§Ù„Ø¯ÙØ¹Ù‡_Ø§Ù„Ø§Ø¶Ø§ÙÙŠÙ‡_Ø§Ù„Ø§Ù‡Ù„ÙŠ'],"# Ahli_
extra_payment The customer needs the additional payment for self-construction Customers of other banks lived in their homes, except for the customers of Ahli Bank @snbalahli
 @SNBCares 
@SAMA_GOV
 @redfksa 
@SaudiHousingCC 
@RedfKsaCC  
@Capital_SNB 
@QuickPay_SNB", Ahli extrapayment The customer needs the additional payment for selfconstruction Customers of other banks lived in their homes except for the customers of Ahli Bank ,1
22,1.67E+18,2023-06-11 11:16:49+00:00,Ø§Ø¨Ùˆ Ø±Ø³Ø§Ù… ğŸŒ¹6066,"@snbalahli Ù†Ø·Ø§Ù„Ø¨ Ø¨Ø§Ù„Ø¯ÙØ¹Ù‡ Ø§Ù„Ø§Ø¶Ø§ÙÙŠÙ‡ Ù„Ù„Ø¨Ù†Ø§Ø¡ Ø§Ù„Ø°Ø§ØªÙŠ ÙÙ‡Ù†Ø§ Ø´Ø±ÙŠØ­Ù‡ ÙˆØ§Ø³Ø¹Ù‡ Ù…ØªØ¹Ø«Ø±Ù‡ ÙˆØ¹Ù…Ù„Ø§Ø¡ Ø§Ù„Ø¨Ù†ÙˆÙƒ Ø§Ù„Ø§Ø®Ø±Ù‰ Ø³ÙƒÙ†Ùˆ Ù…Ù†Ø§Ø²Ù„Ù‡Ù… Ù…Ø§Ø¹Ø¯Ù‰ Ø¹Ù…Ù„Ø§Ø¡ Ø§Ù„Ø¨Ù†Ùƒ Ø§Ù„Ø§Ù‡Ù„ÙŠ @snbalahli
 @SNBCares ",232,Twitter for iPhone,QuickPay_SNB,1,0,[],"@ snbalahli We demand the additional payment for self-construction. There is a large segment that is faltering and the customers of other banks have lived in their homes, except for the customers of the National Bank @snbalahli
 @SNBCares 
@SAMA_GOV
 @red", snbalahli We demand the additional payment for selfconstruction There is large segment that is faltering and the customers of other banks have lived in their homes except for the customers of the National Bank ,3
23,1.67E+18,2023-06-11 11:15:46+00:00,Ø§Ø¨Ùˆ Ø±Ø³Ø§Ù… ğŸŒ¹6066,"@snbalahli Ù†Ø·Ø§Ù„Ø¨ Ø¨Ø§Ù„Ø¯ÙØ¹Ù‡ Ø§Ù„Ø§Ø¶Ø§ÙÙŠÙ‡ Ù„Ù„Ø¨Ù†Ø§Ø¡ Ø§Ù„Ø°Ø§ØªÙŠ @snbalahli
 @SNBCares 
@SAMA_GOV
 @redfksa 
@SaudiHousingCC 
@RedfKsaCC  
@Capital_SNB 
@QuickPay_SNB",149,Twitter for iPhone,QuickPay_SNB,0,0,[],"@snbalahli We demand the additional payment for self-construction @snbalahli
 @SNBCares 
@SAMA_GOV
 @redfksa 
@SaudiHousingCC 
@RedfKsaCC  
@Capital_SNB 
@QuickPay_SNB", We demand the additional payment for selfconstruction ,2
24,1.67E+18,2023-06-11 10:58:50+00:00,QuickPay ÙƒÙˆÙŠÙƒ Ø¨Ø§ÙŠ,Transfer money to#Pakistan at compatitive exchange rate though#Quick_Pay digital channels https://t.co/V7RYgL1ZcZ,113,Twitter Media Studio,QuickPay_SNB,2,0,[],Transfer money to#Pakistan at compatitive exchange rate though#Quick_Pay digital channels https://t.co/V7RYgL1ZcZ,Transfer money to at compatitive exchange rate though digital channels ,2
25,1.67E+18,2023-06-11 10:56:03+00:00,Ø§Ø¨Ùˆ Ø±Ø³Ø§Ù… ğŸŒ¹6066,"#Ø§Ù„Ø¯ÙØ¹Ù‡_Ø§Ù„Ø§Ø¶Ø§ÙÙŠÙ‡_Ø§Ù„Ø§Ù‡Ù„ÙŠ
Ù†Ø·Ø§Ù„Ø¨ Ø§Ù„Ø¨Ù†Ùƒ Ø§Ù„Ø§Ù‡Ù„ÙŠ Ø¨ØªØµØ±ÙŠØ­ Ø±Ø³Ù…ÙŠ Ø¨Ø®ØµÙˆØµ Ø§Ù„Ø¯ÙØ¹Ù‡ Ø§Ù„Ø§Ø¶Ø§ÙÙŠÙ‡ Ù„Ù„Ø¨Ù†Ø§Ø¡ Ø§Ù„Ø°Ø§ØªÙŠ Ù‡Ù„ ÙŠÙˆØ¬Ø¯ Ø¯ÙØ¹Ù‡ Ø§Ø¶Ø§ÙÙŠÙ‡ Ø§Ù… Ù„Ø§ @snbalahli
 @SNBCares 
@SAMA_GOV
 @redfksa 
@SaudiHousingCC 
@RedfKsaCC  
@Capital_SNB 
@QuickPay_SNB",218,Twitter for iPhone,QuickPay_SNB,1,0,['Ø§Ù„Ø¯ÙØ¹Ù‡_Ø§Ù„Ø§Ø¶Ø§ÙÙŠÙ‡_Ø§Ù„Ø§Ù‡Ù„ÙŠ'],"We ask the
National Bank for an official statement regarding the additional payment for self-construction. Is there an additional payment or not? @snbalahli
 @SNBCares 
@SAMA_GOV
 @redfksa 
@SaudiHousingCC 
@RedfKsaCC  
@Capital_SNB 
@QuickPay_SNB",We ask the National Bank for an official statement regarding the additional payment for selfconstruction Is there an additional payment or not ,2
26,1.67E+18,2023-06-11 10:52:30+00:00,Ù†Ù€Ù€ÙˆØ±Ù‡ | ØµÙ„Ù‘ÙˆØ§ Ø¹ Ø§Ù„Ù†Ø¨ÙŠ ï·º,"RT @nsovJSmh1zVgw55: @SNBCares @m_nora5 Ù‡Ø°Ø§ Ø±Ø¯ÙƒÙ… ÙˆØ§Ø¬Ø¨Ø§ØªÙƒÙ… Ù„Ù„Ø¹Ù…Ù„Ø§Ø¡ Ù„Ù†Ø§ Ø§ÙƒØ«Ø± Ù…Ù† Ø³Ù†ØªÙŠÙ† ÙˆÙ‡Ø°Ø§ Ø±Ø¯ÙƒÙ… Ù‡Ù„ ÙŠÙˆØ¬Ø¯ Ø¯ÙØ¹Ù‡ Ø§Ø¶Ø§ÙÙŠÙ‡ Ø§Ù… Ù„Ø§ @snbalahli
 @SNBCarâ€¦",140,Twitter for Android,QuickPay_SNB,0,1,[],"RT @ nsovJSmh1zVgw55: @ SNBCares @m_nora5 This is your response, your duties to the customers for us more than two years, and this is your response. Is there an additional payment or not? @
 snbalahli @SNBCar...",RT nsovJSmh1zVgw55 SNBCares This is your response your duties to the customers for us more than two years and this is your response Is there an additional payment or not snbalahli ,3
27,1.67E+18,2023-06-11 10:52:22+00:00,Ø§Ø¨Ùˆ Ø±Ø³Ø§Ù… ğŸŒ¹6066,"RT @nsovJSmh1zVgw55: #Ø§Ù„Ø¯ÙØ¹Ù‡_Ø§Ù„Ø§Ø¶Ø§ÙÙŠÙ‡_Ø§Ù„Ø§Ù‡Ù„ÙŠ
Ù†Ø­Ù†Ùˆ Ø´Ø±ÙŠØ­Ù‡ ÙƒØ¨ÙŠØ±Ù‡ Ù…Ù† Ø¹Ù…Ù„Ø§Ø¡ Ø§Ù„Ø¨Ù†Ùƒ Ø§Ù„Ø§Ù‡Ù„ÙŠ Ù…ØªØ¹Ø«Ø±ÙŠÙ† ÙˆÙ…ØªØ¶Ø±Ø±ÙŠÙ† Ø¨Ø³Ø¨Ø¨ Ø¹Ø¯Ù… Ù…Ù†Ø­ Ø§Ù„Ø¹Ù…Ù„Ø§Ø¡ Ø§Ù„Ø¯ÙØ¹Ù‡ Ø§Ù„Ø§Ø¶Ø§ÙÙŠÙ‡ Ù„â€¦",140,Twitter for iPhone,QuickPay_SNB,0,1,['Ø§Ù„Ø¯ÙØ¹Ù‡_Ø§Ù„Ø§Ø¶Ø§ÙÙŠÙ‡_Ø§Ù„Ø§Ù‡Ù„ÙŠ'],"RT @ nsovJSmh1zVgw55: # The_additional_payment_is_private
We, a large segment of Ahlibank customers, are distressed and affected by the failure to give customers the additional payment forâ€¦",RT nsovJSmh1zVgw55 Theadditionalpaymentisprivate We large segment of Ahlibank customers are distressed and affected by the failure to give customers the additional payment forâ€¦,1
28,1.67E+18,2023-06-11 10:46:18+00:00,Ø§Ø¨Ùˆ Ø±Ø³Ø§Ù… ğŸŒ¹6066,"RT @nsovJSmh1zVgw55: #Ø§Ù„Ø¯ÙØ¹Ù‡_Ø§Ù„Ø§Ø¶Ø§ÙÙŠÙ‡_Ø§Ù„Ø§Ù‡Ù„ÙŠ
Ù†Ø·Ø§Ù„Ø¨ ØµÙ†Ø¯ÙˆÙ‚ Ø§Ù„ØªÙ†Ù…ÙŠÙ‡ ÙˆØ§Ù„Ø¨Ù†Ùƒ Ø§Ù„Ù…Ø±ÙƒØ²ÙŠ ÙˆØ³ÙƒÙ†ÙŠ Ø¨Ø§Ù„ØªØ¯Ø®Ù„ Ø¹Ù„Ù‰ Ù‡Ø°Ø§ Ø§Ù„Ø­Ù„ Ø§Ù„Ø°ÙŠ ØªÙˆÙ‡Ù‚Ù†Ø§ ÙÙŠÙ‡ Ø³Ù†ØªÙŠÙ† ÙˆØ§Ø­Ù†Ø§ Ù†Ù†Ø¸Ø±â€¦",140,Twitter for iPhone,QuickPay_SNB,0,1,['Ø§Ù„Ø¯ÙØ¹Ù‡_Ø§Ù„Ø§Ø¶Ø§ÙÙŠÙ‡_Ø§Ù„Ø§Ù‡Ù„ÙŠ'],"RT @ nsovJSmh1zVgw55: # The_additional_payment_is_private
We call on the Development Fund, the Central Bank and my residence to intervene in this solution, which we have been waiting for two yearsâ€¦",RT nsovJSmh1zVgw55 Theadditionalpaymentisprivate We call on the Laughingbiggrinorlaughwithglassesevelopment Fund the Central Bank and my residence to intervene in this solution which we have been waiting for two yearsâ€¦,2
29,1.67E+18,2023-06-11 10:45:15+00:00,Ø§Ø¨Ùˆ Ø±Ø³Ø§Ù… ğŸŒ¹6066,"#Ø§Ù„Ø¯ÙØ¹Ù‡_Ø§Ù„Ø§Ø¶Ø§ÙÙŠÙ‡_Ø§Ù„Ø§Ù‡Ù„ÙŠ
Ù†Ø·Ø§Ù„Ø¨ ØµÙ†Ø¯ÙˆÙ‚ Ø§Ù„ØªÙ†Ù…ÙŠÙ‡ ÙˆØ§Ù„Ø¨Ù†Ùƒ Ø§Ù„Ù…Ø±ÙƒØ²ÙŠ ÙˆØ³ÙƒÙ†ÙŠ Ø¨Ø§Ù„ØªØ¯Ø®Ù„ Ø¹Ù„Ù‰ Ù‡Ø°Ø§ Ø§Ù„Ø­Ù„ Ø§Ù„Ø°ÙŠ ØªÙˆÙ‡Ù‚Ù†Ø§ ÙÙŠÙ‡ Ø³Ù†ØªÙŠÙ† ÙˆØ§Ø­Ù†Ø§ Ù†Ù†Ø¸Ø± Ù„Ù…Ù†Ø§Ø²Ù„Ù†Ø§ ÙˆØ§Ù‚ÙÙ‡ @snbalahli
 @SNBCares 
@SAMA_GOV
 @redfksa 
@SaudiHousingCC 
@RedfKsaCC  
@Capital_SNB 
@QuickPay_SNB",235,Twitter for iPhone,QuickPay_SNB,0,1,['Ø§Ù„Ø¯ÙØ¹Ù‡_Ø§Ù„Ø§Ø¶Ø§ÙÙŠÙ‡_Ø§Ù„Ø§Ù‡Ù„ÙŠ'],"We call on
the Development Fund, the Central Bank and my residence to intervene in this solution that we have been waiting for two years and we are looking at our houses standing @snbalahli
 @SNBCares 
@SAMA_GOV
 @redfksa 
@SaudiHousingCC 
@RedfKsaCC  
@Capital_SNB 
@QuickPay_SNB",We call on the Laughingbiggrinorlaughwithglassesevelopment Fund the Central Bank and my residence to intervene in this solution that we have been waiting for two years and we are looking at our houses standing ,2
30,1.67E+18,2023-06-11 10:42:53+00:00,Ø§Ø¨Ùˆ Ø±Ø³Ø§Ù… ğŸŒ¹6066,"@SNBCares @m_nora5 Ù‡Ø°Ø§ Ø±Ø¯ÙƒÙ… ÙˆØ§Ø¬Ø¨Ø§ØªÙƒÙ… Ù„Ù„Ø¹Ù…Ù„Ø§Ø¡ Ù„Ù†Ø§ Ø§ÙƒØ«Ø± Ù…Ù† Ø³Ù†ØªÙŠÙ† ÙˆÙ‡Ø°Ø§ Ø±Ø¯ÙƒÙ… Ù‡Ù„ ÙŠÙˆØ¬Ø¯ Ø¯ÙØ¹Ù‡ Ø§Ø¶Ø§ÙÙŠÙ‡ Ø§Ù… Ù„Ø§ @snbalahli
 @SNBCares 
@SAMA_GOV
 @redfksa 
@SaudiHousingCC 
@RedfKsaCC  
@Capital_SNB 
@Qui",200,Twitter for iPhone,QuickPay_SNB,0,1,[],"@ SNBCares@m_nora5 This is your response to your duties to our customers for more than two years and this is your response. Is there an additional payment or not? @snbalahli
 @SNBCares 
@SAMA_GOV
 @redfksa 
@SaudiHousingCC 
@RedfKsaCC  
@Capital_SNB 
@Qui", SNBCares This is your response to your duties to our customers for more than two years and this is your response Is there an additional payment or not ,3
31,1.67E+18,2023-06-11 10:41:17+00:00,Ø§Ø¨Ùˆ Ø±Ø³Ø§Ù… ğŸŒ¹6066,"RT @nsovJSmh1zVgw55: #Ø§Ù„Ø¯ÙØ¹Ù‡_Ø§Ù„Ø§Ø¶Ø§ÙÙŠÙ‡_Ø§Ù„Ø§Ù‡Ù„ÙŠ
Ù†Ø·Ø§Ù„Ø¨ Ø¨Ø§Ù„Ø¯ÙØ¹Ù‡ Ø§Ù„Ø§Ø¶Ø§ÙÙŠÙ‡ Ù„Ù„Ø¨Ù†Ø§Ø¡ Ø§Ù„Ø°Ø§ØªÙŠ Ù„Ø¹Ù…Ù„Ø§Ø¡ Ø§Ù„Ø¨Ù†Ùƒ Ø§Ù„Ø§Ù‡Ù„ÙŠ ÙˆÙ…ÙˆØ§Ø³ØªÙ†Ø§ Ù…Ø¹ Ø¹Ù…Ù„Ø§Ø¡ Ø§Ù„Ø¨Ù†ÙˆÙƒ Ø§Ù„Ø§Ø®Ø±Ù‰ @snbaâ€¦",140,Twitter for iPhone,QuickPay_SNB,0,1,['Ø§Ù„Ø¯ÙØ¹Ù‡_Ø§Ù„Ø§Ø¶Ø§ÙÙŠÙ‡_Ø§Ù„Ø§Ù‡Ù„ÙŠ'],"RT @ nsovJSmh1zVgw55: # The_additional_payment_is_private
We demand the additional payment for the self-construction of the customers of the National Bank and our sympathy with the customers of other banks @snbaâ€¦",RT nsovJSmh1zVgw55 Theadditionalpaymentisprivate We demand the additional payment for the selfconstruction of the customers of the National Bank and our sympathy with the customers of other banks ,1
32,1.67E+18,2023-06-11 10:40:42+00:00,Ø§Ø¨Ùˆ Ø±Ø³Ø§Ù… ğŸŒ¹6066,"#Ø§Ù„Ø¯ÙØ¹Ù‡_Ø§Ù„Ø§Ø¶Ø§ÙÙŠÙ‡_Ø§Ù„Ø§Ù‡Ù„ÙŠ
Ù†Ø­Ù†Ùˆ Ø´Ø±ÙŠØ­Ù‡ ÙƒØ¨ÙŠØ±Ù‡ Ù…Ù† Ø¹Ù…Ù„Ø§Ø¡ Ø§Ù„Ø¨Ù†Ùƒ Ø§Ù„Ø§Ù‡Ù„ÙŠ Ù…ØªØ¹Ø«Ø±ÙŠÙ† ÙˆÙ…ØªØ¶Ø±Ø±ÙŠÙ† Ø¨Ø³Ø¨Ø¨ Ø¹Ø¯Ù… Ù…Ù†Ø­ Ø§Ù„Ø¹Ù…Ù„Ø§Ø¡ Ø§Ù„Ø¯ÙØ¹Ù‡ Ø§Ù„Ø§Ø¶Ø§ÙÙŠÙ‡ Ù„Ù„Ø¨Ù†Ø§Ø¡ Ø§Ù„Ø°Ø§ØªÙŠ @snbalahli
 @SNBCares 
@SAMA_GOV
 @redfksa 
@SaudiHousingCC 
@RedfKsaCC  
@Capital_SNB 
@QuickPay_SNB",232,Twitter for iPhone,QuickPay_SNB,0,1,['Ø§Ù„Ø¯ÙØ¹Ù‡_Ø§Ù„Ø§Ø¶Ø§ÙÙŠÙ‡_Ø§Ù„Ø§Ù‡Ù„ÙŠ'],"# ALAHLI_
additional_payment We are a large segment of ABK customers who are struggling and affected by the failure to grant customers the additional payment for self-construction @snbalahli
 @SNBCares 
@SAMA_GOV
 @redfksa 
@SaudiHousingCC 
@RedfKsaCC  
@Capital_SNB 
@QuickPay_SNB", ALAHLI additionalpayment We are large segment of ABK customers who are struggling and affected by the failure to grant customers the additional payment for selfconstruction ,1
33,1.67E+18,2023-06-11 10:39:16+00:00,Ø§Ø¨Ùˆ Ø±Ø³Ø§Ù… ğŸŒ¹6066,"RT @nsovJSmh1zVgw55: #Ø§Ù„Ø¯ÙØ¹Ù‡_Ø§Ù„Ø§Ø¶Ø§ÙÙŠÙ‡_Ø§Ù„Ø§Ù‡Ù„ÙŠ
Ø·ÙØ­ Ø§Ù„ÙƒÙŠÙ„ Ø¨Ø§Ù„Ø¨Ù†Ùƒ Ø§Ù„Ø§Ù‡Ù„ÙŠ @snbalahli
 @SNBCares 
@SAMA_GOV
 @redfksa 
@SaudiHousingCC 
@RedfKsaCâ€¦",140,Twitter for iPhone,QuickPay_SNB,0,2,['Ø§Ù„Ø¯ÙØ¹Ù‡_Ø§Ù„Ø§Ø¶Ø§ÙÙŠÙ‡_Ø§Ù„Ø§Ù‡Ù„ÙŠ'],"RT @ nsovJSmh1zVgw55: # The_additional_payment_is_private
Enough with the National Bank @snbalahli
 @SNBCares 
@SAMA_GOV
 @redfksa 
@SaudiHousingCC 
@RedfKsaCâ€¦",RT nsovJSmh1zVgw55 Theadditionalpaymentisprivate Enough with the National Bank ,2
34,1.67E+18,2023-06-11 10:38:28+00:00,Ø§Ø¨Ùˆ Ø±Ø³Ø§Ù… ğŸŒ¹6066,"#Ø§Ù„Ø¯ÙØ¹Ù‡_Ø§Ù„Ø§Ø¶Ø§ÙÙŠÙ‡_Ø§Ù„Ø§Ù‡Ù„ÙŠ
Ù…Ø§ÙŠØ­Ø¯Ø« Ù„Ù†Ø§ ØºÙŠØ± Ù…Ø¹Ù‚ÙˆÙ„ Ø§Ø¯Ø®Ù„Ùˆ Ø¹ Ø§Ù„Ù„Ù‡ ÙŠØ§Ù„Ù…Ø³Ø¤ÙˆÙ„ÙŠÙ† ÙˆÙˆØ²Ø±Ø§Ø¡ Ø§Ù„Ø¯ÙˆÙ„Ù‡ Ø´ÙˆÙÙˆ Ù„Ù†Ø§ Ø­Ù„ ÙˆØ§Ù„Ù„Ù‡ Ø§Ù„Ø¹Ø¸ÙŠÙ… Ø¨ÙŠÙˆØªÙ†Ø§ ÙˆØ§Ù‚ÙÙ‡ Ù„Ù‡Ø§ Ø§ÙƒØ«Ø± Ù…Ù† Ø³Ù†ØªÙŠÙ† Ù…ØªØ¹Ø«Ø±Ù‡ Ø¨Ø³Ø¨Ø¨ Ø¹Ø¯Ù… Ø§Ù„Ø§ÙƒØªÙØ§Ø¡ Ø¨Ø§Ù„Ù‚Ø±Ø¶  @snbalahli
 @SNBCares 
@SAMA_GOV
 @redfksa 
@SaudiHousingCC 
@RedfKsaCC  
@Capital_SNB 
@QuickPay_SNB",273,Twitter for iPhone,QuickPay_SNB,0,0,['Ø§Ù„Ø¯ÙØ¹Ù‡_Ø§Ù„Ø§Ø¶Ø§ÙÙŠÙ‡_Ø§Ù„Ø§Ù‡Ù„ÙŠ'],"# The_additional_
payment_of_the_family What is happening to us is unreasonable. Enter with God, the officials and the ministers of the state, look at our solution, and God the Almighty, our houses are standing for more than two years, stumbling because of not being satisfied with the loan  @snbalahli
 @SNBCares 
@SAMA_GOV
 @redfksa 
@SaudiHousingCC 
@RedfKsaCC  
@Capital_SNB 
@QuickPay_SNB", Theadditional paymentofthefamily What is happening to us is unreasonable Enter with God the officials and the ministers of the state look at our solution and God the Almighty our houses are standing for more than two years stumbling because of not being satisfied with the loan ,3
35,1.67E+18,2023-06-11 10:32:18+00:00,Ø§Ø¨Ùˆ Ø±Ø³Ø§Ù… ğŸŒ¹6066,"RT @nsovJSmh1zVgw55: #Ø§Ù„Ø¯ÙØ¹Ù‡_Ø§Ù„Ø§Ø¶Ø§ÙÙŠÙ‡_Ø§Ù„Ø§Ù‡Ù„ÙŠ
Ø¨ÙŠÙˆØª ÙˆØ§Ù‚ÙÙ‡ Ù„Ù‡Ø§ Ø§ÙƒØ«Ø± Ù…Ù† Ø³Ù†ØªÙŠÙ† ÙˆØ§Ù‚ÙÙ‡ ØªÙ„Ø¹Ø¨ ÙÙŠÙ‡Ø§ Ø§Ù„ÙƒÙ„Ø§Ø¨ Ø§ÙƒØ±Ù…ÙƒÙ… Ø§Ù„Ù„Ù‡ Ø§ÙŠØ¬Ø§Ø± Ø´Ù‚Ù‚ Ù…Ø·Ø§Ù„Ø¨ÙŠÙ† Ø§Ù‚Ø³Ø§Ø· Ø´Ù‡Ø±ÙŠÙ‡â€¦",139,Twitter for iPhone,QuickPay_SNB,0,1,['Ø§Ù„Ø¯ÙØ¹Ù‡_Ø§Ù„Ø§Ø¶Ø§ÙÙŠÙ‡_Ø§Ù„Ø§Ù‡Ù„ÙŠ'],"RT @ nsovJSmh1zVgw55: # The_additional_payment_is_private
Houses that have more than two years standing where dogs play, may God bless you for renting apartments, demanding monthly installmentsâ€¦",RT nsovJSmh1zVgw55 Theadditionalpaymentisprivate Houses that have more than two years standing where dogs play may God bless you for renting apartments demanding monthly installmentsâ€¦,3
36,1.67E+18,2023-06-11 10:32:05+00:00,Ø§Ø¨Ùˆ Ø±Ø³Ø§Ù… ğŸŒ¹6066,"RT @nsovJSmh1zVgw55: #Ø§Ù„Ø¯ÙØ¹Ù‡_Ø§Ù„Ø§Ø¶Ø§ÙÙŠÙ‡_Ø§Ù„Ø§Ù‡Ù„ÙŠ
Ø§Ø¨ÙŠÙˆØª ÙˆØ§Ù‚ÙÙ‡ ÙˆØ³ÙƒÙ†Ù‡Ø§ Ø§Ù„Ø¬Ù† Ù„Ù‡Ø§ Ø³Ù†ØªÙŠÙ† 
Ø§ÙŠØ¬Ø§Ø± Ø´Ù‚Ù‚ Ù†Ø¯ÙØ¹ 
Ø§Ù‚Ø³Ø§Ø· Ø´Ù‡Ø±ÙŠÙ‡ ØªØ®ØµÙ… 
Ø§Ù†Ø¸Ø±Ùˆ Ù„Ù†Ø§ ÙˆØ§Ù…Ù„Ù†Ø§ Ø¨Ø§Ù„Ù„Ù‡ Ø«Ù…â€¦",140,Twitter for iPhone,QuickPay_SNB,0,1,['Ø§Ù„Ø¯ÙØ¹Ù‡_Ø§Ù„Ø§Ø¶Ø§ÙÙŠÙ‡_Ø§Ù„Ø§Ù‡Ù„ÙŠ'],"RT @ nsovJSmh1zVgw55: # The_additional_payment_is_private
Abyot is standing and the jinn lived there for two years 
Rent apartments we pay 
monthly installments deducted 
Look at us and hope in God.",RT nsovJSmh1zVgw55 Theadditionalpaymentisprivate Abyot is standing and the jinn lived there for two years Rent apartments we pay monthly installments deducted Look at us and hope in God,2
37,1.67E+18,2023-06-11 10:31:27+00:00,Ø§Ø¨Ùˆ Ø±Ø³Ø§Ù… ğŸŒ¹6066,"#Ø§Ù„Ø¯ÙØ¹Ù‡_Ø§Ù„Ø§Ø¶Ø§ÙÙŠÙ‡_Ø§Ù„Ø§Ù‡Ù„ÙŠ
Ù†Ø·Ø§Ù„Ø¨ Ø¨Ø§Ù„Ø¯ÙØ¹Ù‡ Ø§Ù„Ø§Ø¶Ø§ÙÙŠÙ‡ Ù„Ù„Ø¨Ù†Ø§Ø¡ Ø§Ù„Ø°Ø§ØªÙŠ Ù„Ø¹Ù…Ù„Ø§Ø¡ Ø§Ù„Ø¨Ù†Ùƒ Ø§Ù„Ø§Ù‡Ù„ÙŠ ÙˆÙ…ÙˆØ§Ø³ØªÙ†Ø§ Ù…Ø¹ Ø¹Ù…Ù„Ø§Ø¡ Ø§Ù„Ø¨Ù†ÙˆÙƒ Ø§Ù„Ø§Ø®Ø±Ù‰ @snbalahli
 @SNBCares 
@SAMA_GOV
 @redfksa 
@SaudiHousingCC 
@RedfKsaCC  
@Capital_SNB 
@QuickPay_SNB",214,Twitter for iPhone,QuickPay_SNB,0,1,['Ø§Ù„Ø¯ÙØ¹Ù‡_Ø§Ù„Ø§Ø¶Ø§ÙÙŠÙ‡_Ø§Ù„Ø§Ù‡Ù„ÙŠ'],"# Al-Ahli_additional
_payment We demand the additional payment for the self-construction of the customers of the National Bank and our sympathy with the customers of other banks @snbalahli
 @SNBCares 
@SAMA_GOV
 @redfksa 
@SaudiHousingCC 
@RedfKsaCC  
@Capital_SNB 
@QuickPay_SNB", AlAhliadditional payment We demand the additional payment for the selfconstruction of the customers of the National Bank and our sympathy with the customers of other banks ,1
38,1.67E+18,2023-06-11 10:25:36+00:00,Ø§Ø¨Ùˆ Ø±Ø³Ø§Ù… ğŸŒ¹6066,"RT @nsovJSmh1zVgw55: #Ø§Ù„Ø¯ÙØ¹Ù‡_Ø§Ù„Ø§Ø¶Ø§ÙÙŠÙ‡_Ø§Ù„Ø§Ù‡Ù„ÙŠ

Ø§Ù…Ù„Ù†Ø§ Ø¨Ø§Ù„Ù„Ù‡ ÙƒØ¨ÙŠØ± Ù…Ù† Ø§Ù„Ø¨Ù†Ùƒ Ø§Ù„Ø§Ù‡Ù„ÙŠ @snbalahli
 @SNBCares 
@SAMA_GOV
 @redfksa 
@SaudiHousingCCâ€¦",139,Twitter for iPhone,QuickPay_SNB,0,3,['Ø§Ù„Ø¯ÙØ¹Ù‡_Ø§Ù„Ø§Ø¶Ø§ÙÙŠÙ‡_Ø§Ù„Ø§Ù‡Ù„ÙŠ'],"RT @ nsovJSmh1zVgw55: # The_additional_payment_is_private

Our hope in God is great from the National Bank @snbalahli
 @SNBCares 
@SAMA_GOV
 @redfksa 
@SaudiHousingCCâ€¦",RT nsovJSmh1zVgw55 Theadditionalpaymentisprivate Our hope in God is great from the National Bank ,3
39,1.67E+18,2023-06-11 10:24:24+00:00,Ø§Ù„Ø²Ø¹ÙŠÙ…,"RT @nsovJSmh1zVgw55: #Ø§Ù„Ø¯ÙØ¹Ù‡_Ø§Ù„Ø§Ø¶Ø§ÙÙŠÙ‡_Ø§Ù„Ø§Ù‡Ù„ÙŠ
Ø·ÙØ­ Ø§Ù„ÙƒÙŠÙ„ Ø¨Ø§Ù„Ø¨Ù†Ùƒ Ø§Ù„Ø§Ù‡Ù„ÙŠ @snbalahli
 @SNBCares 
@SAMA_GOV
 @redfksa 
@SaudiHousingCC 
@RedfKsaCâ€¦",140,Twitter for Android,QuickPay_SNB,0,2,['Ø§Ù„Ø¯ÙØ¹Ù‡_Ø§Ù„Ø§Ø¶Ø§ÙÙŠÙ‡_Ø§Ù„Ø§Ù‡Ù„ÙŠ'],"RT @ nsovJSmh1zVgw55: # The_additional_payment_is_private
Enough with the National Bank @snbalahli
 @SNBCares 
@SAMA_GOV
 @redfksa 
@SaudiHousingCC 
@RedfKsaCâ€¦",RT nsovJSmh1zVgw55 Theadditionalpaymentisprivate Enough with the National Bank ,2
40,1.67E+18,2023-06-11 10:24:16+00:00,Ø§Ø¨Ùˆ Ø±Ø³Ø§Ù… ğŸŒ¹6066,"#Ø§Ù„Ø¯ÙØ¹Ù‡_Ø§Ù„Ø§Ø¶Ø§ÙÙŠÙ‡_Ø§Ù„Ø§Ù‡Ù„ÙŠ
Ø·ÙØ­ Ø§Ù„ÙƒÙŠÙ„ Ø¨Ø§Ù„Ø¨Ù†Ùƒ Ø§Ù„Ø§Ù‡Ù„ÙŠ @snbalahli
 @SNBCares 
@SAMA_GOV
 @redfksa 
@SaudiHousingCC 
@RedfKsaCC  
@Capital_SNB 
@QuickPay_SNB",149,Twitter for iPhone,QuickPay_SNB,1,2,['Ø§Ù„Ø¯ÙØ¹Ù‡_Ø§Ù„Ø§Ø¶Ø§ÙÙŠÙ‡_Ø§Ù„Ø§Ù‡Ù„ÙŠ'],"# Extra_payment
_of_Ahli_Bank has had enough @snbalahli
 @SNBCares 
@SAMA_GOV
 @redfksa 
@SaudiHousingCC 
@RedfKsaCC  
@Capital_SNB 
@QuickPay_SNB", Extrapayment ofAhliBank has had enough ,2
41,1.67E+18,2023-06-11 10:23:56+00:00,Ø§Ø¨Ùˆ Ø±Ø³Ø§Ù… ğŸŒ¹6066,"#Ø§Ù„Ø¯ÙØ¹Ù‡_Ø§Ù„Ø§Ø¶Ø§ÙÙŠÙ‡_Ø§Ù„Ø§Ù‡Ù„ÙŠ
Ø¨ÙŠÙˆØª ÙˆØ§Ù‚ÙÙ‡ Ù„Ù‡Ø§ Ø§ÙƒØ«Ø± Ù…Ù† Ø³Ù†ØªÙŠÙ† ÙˆØ§Ù‚ÙÙ‡ ØªÙ„Ø¹Ø¨ ÙÙŠÙ‡Ø§ Ø§Ù„ÙƒÙ„Ø§Ø¨ Ø§ÙƒØ±Ù…ÙƒÙ… Ø§Ù„Ù„Ù‡ Ø§ÙŠØ¬Ø§Ø± Ø´Ù‚Ù‚ Ù…Ø·Ø§Ù„Ø¨ÙŠÙ† Ø§Ù‚Ø³Ø§Ø· Ø´Ù‡Ø±ÙŠÙ‡ ØªØ®ØµÙ… Ø¯Ø¹Ù… Ù…ØªÙˆÙ‚Ù Ø§Ù†Ø¸Ø±Ùˆ Ù„Ù†Ø§ @snbalahli
 @SNBCares 
@SAMA_GOV
 @redfksa 
@SaudiHousingCC 
@RedfKsaCC  
@Capital_SNB 
@QuickPay_SNB",244,Twitter for iPhone,QuickPay_SNB,0,1,['Ø§Ù„Ø¯ÙØ¹Ù‡_Ø§Ù„Ø§Ø¶Ø§ÙÙŠÙ‡_Ø§Ù„Ø§Ù‡Ù„ÙŠ'],"# Extra_
payment_for_the_private_houses standing for more than two years standing in which dogs play God bless you for renting apartments demanding monthly installments deducting suspended support Look at us @snbalahli
 @SNBCares 
@SAMA_GOV
 @redfksa 
@SaudiHousingCC 
@RedfKsaCC  
@Capital_SNB 
@QuickPay_SNB", Extra paymentfortheprivatehouses standing for more than two years standing in which dogs play God bless you for renting apartments demanding monthly installments deducting suspended support Look at us ,3
42,1.67E+18,2023-06-11 10:23:24+00:00,Ø¨Ù†Ø¯Ø±,"RT @nsovJSmh1zVgw55: #Ø§Ù„Ø¯ÙØ¹Ù‡_Ø§Ù„Ø§Ø¶Ø§ÙÙŠÙ‡_Ø§Ù„Ø§Ù‡Ù„ÙŠ

Ø§Ù…Ù„Ù†Ø§ Ø¨Ø§Ù„Ù„Ù‡ ÙƒØ¨ÙŠØ± Ù…Ù† Ø§Ù„Ø¨Ù†Ùƒ Ø§Ù„Ø§Ù‡Ù„ÙŠ @snbalahli
 @SNBCares 
@SAMA_GOV
 @redfksa 
@SaudiHousingCCâ€¦",139,Twitter for iPhone,QuickPay_SNB,0,3,['Ø§Ù„Ø¯ÙØ¹Ù‡_Ø§Ù„Ø§Ø¶Ø§ÙÙŠÙ‡_Ø§Ù„Ø§Ù‡Ù„ÙŠ'],"RT @ nsovJSmh1zVgw55: # The_additional_payment_is_private

Our hope in God is great from the National Bank @snbalahli
 @SNBCares 
@SAMA_GOV
 @redfksa 
@SaudiHousingCCâ€¦",RT nsovJSmh1zVgw55 Theadditionalpaymentisprivate Our hope in God is great from the National Bank ,3
43,1.67E+18,2023-06-11 10:22:48+00:00,Ø§Ø¨Ùˆ Ø±Ø³Ø§Ù… ğŸŒ¹6066,"#Ø§Ù„Ø¯ÙØ¹Ù‡_Ø§Ù„Ø§Ø¶Ø§ÙÙŠÙ‡_Ø§Ù„Ø§Ù‡Ù„ÙŠ
Ø§Ø¨ÙŠÙˆØª ÙˆØ§Ù‚ÙÙ‡ ÙˆØ³ÙƒÙ†Ù‡Ø§ Ø§Ù„Ø¬Ù† Ù„Ù‡Ø§ Ø³Ù†ØªÙŠÙ† 
Ø§ÙŠØ¬Ø§Ø± Ø´Ù‚Ù‚ Ù†Ø¯ÙØ¹ 
Ø§Ù‚Ø³Ø§Ø· Ø´Ù‡Ø±ÙŠÙ‡ ØªØ®ØµÙ… 
Ø§Ù†Ø¸Ø±Ùˆ Ù„Ù†Ø§ ÙˆØ§Ù…Ù„Ù†Ø§ Ø¨Ø§Ù„Ù„Ù‡ Ø«Ù… Ø¨Ø§Ù„Ù…Ø³Ø¤ÙˆÙ„ÙŠÙ† Ø§Ù„Ø§Ù„ØªÙØ§Øª Ù„Ù†Ø§ @snbalahli
 @SNBCares 
@SAMA_GOV
 @redfksa 
@SaudiHousingCC 
@RedfKsaCC  
@Capital_SNB 
@QuickPay_SNB",244,Twitter for iPhone,QuickPay_SNB,0,1,['Ø§Ù„Ø¯ÙØ¹Ù‡_Ø§Ù„Ø§Ø¶Ø§ÙÙŠÙ‡_Ø§Ù„Ø§Ù‡Ù„ÙŠ'],"# The_additional_payment_
is_for_the_people, the houses are standing and the jinn live in them for two years 
Rent apartments we pay 
monthly installments deducted 
Look at us and hope in God and then officials pay attention to us @snbalahli
 @SNBCares 
@SAMA_GOV
 @redfksa 
@SaudiHousingCC 
@RedfKsaCC  
@Capital_SNB 
@QuickPay_SNB", Theadditionalpayment isforthepeople the houses are standing and the jinn live in them for two years Rent apartments we pay monthly installments deducted Look at us and hope in God and then officials pay attention to us ,3
44,1.67E+18,2023-06-11 10:22:20+00:00,Ø§Ù„Ø²Ø¹ÙŠÙ…,"RT @nsovJSmh1zVgw55: #Ø§Ù„Ø¯ÙØ¹Ù‡_Ø§Ù„Ø§Ø¶Ø§ÙÙŠÙ‡_Ø§Ù„Ø§Ù‡Ù„ÙŠ

Ø§Ù…Ù„Ù†Ø§ Ø¨Ø§Ù„Ù„Ù‡ ÙƒØ¨ÙŠØ± Ù…Ù† Ø§Ù„Ø¨Ù†Ùƒ Ø§Ù„Ø§Ù‡Ù„ÙŠ @snbalahli
 @SNBCares 
@SAMA_GOV
 @redfksa 
@SaudiHousingCCâ€¦",139,Twitter for Android,QuickPay_SNB,0,3,['Ø§Ù„Ø¯ÙØ¹Ù‡_Ø§Ù„Ø§Ø¶Ø§ÙÙŠÙ‡_Ø§Ù„Ø§Ù‡Ù„ÙŠ'],"RT @ nsovJSmh1zVgw55: # The_additional_payment_is_private

Our hope in God is great from the National Bank @snbalahli
 @SNBCares 
@SAMA_GOV
 @redfksa 
@SaudiHousingCCâ€¦",RT nsovJSmh1zVgw55 Theadditionalpaymentisprivate Our hope in God is great from the National Bank ,3
45,1.67E+18,2023-06-11 10:21:44+00:00,Ø§Ø¨Ùˆ Ø±Ø³Ø§Ù… ğŸŒ¹6066,"#Ø§Ù„Ø¯ÙØ¹Ù‡_Ø§Ù„Ø§Ø¶Ø§ÙÙŠÙ‡_Ø§Ù„Ø§Ù‡Ù„ÙŠ

Ù‡Ù„ ÙŠØ¹Ù‚Ù„ Ù„Ø§ÙŠÙˆØ¬Ø¯ Ø­Ù„ Ù„Ø¯Ù‰ Ø§Ù„Ø¨Ù†Ùƒ Ø§Ù„Ø§Ù‡Ù„ÙŠ Ù„Ù„Ù…ØªØ¹Ø«Ø±ÙŠÙ† Ø§Ù„Ø¨Ù†Ø§Ø¡ Ø§Ù„Ø°Ø§ØªÙŠ @snbalahli
 @SNBCares 
@SAMA_GOV
 @redfksa 
@SaudiHousingCC 
@RedfKsaCC  
@Capital_SNB 
@QuickPay_SNB",185,Twitter for iPhone,QuickPay_SNB,0,0,['Ø§Ù„Ø¯ÙØ¹Ù‡_Ø§Ù„Ø§Ø¶Ø§ÙÙŠÙ‡_Ø§Ù„Ø§Ù‡Ù„ÙŠ'],"Is it possible that there is no solution at the National Bank for the Defaulters for self-construction @snbalahli
 @SNBCares 
@SAMA_GOV
 @redfksa 
@SaudiHousingCC 
@RedfKsaCC  
@Capital_SNB 
@QuickPay_SNB",Is it possible that there is no solution at the National Bank for the Laughingbiggrinorlaughwithglassesefaulters for selfconstruction ,2
46,1.67E+18,2023-06-11 10:21:08+00:00,Ø§Ø¨Ùˆ Ø±Ø³Ø§Ù… ğŸŒ¹6066,"#Ø§Ù„Ø¯ÙØ¹Ù‡_Ø§Ù„Ø§Ø¶Ø§ÙÙŠÙ‡_Ø§Ù„Ø§Ù‡Ù„ÙŠ

Ø§Ù…Ù„Ù†Ø§ Ø¨Ø§Ù„Ù„Ù‡ ÙƒØ¨ÙŠØ± Ù…Ù† Ø§Ù„Ø¨Ù†Ùƒ Ø§Ù„Ø§Ù‡Ù„ÙŠ @snbalahli
 @SNBCares 
@SAMA_GOV
 @redfksa 
@SaudiHousingCC 
@RedfKsaCC  
@Capital_SNB 
@QuickPay_SNB",159,Twitter for iPhone,QuickPay_SNB,0,3,['Ø§Ù„Ø¯ÙØ¹Ù‡_Ø§Ù„Ø§Ø¶Ø§ÙÙŠÙ‡_Ø§Ù„Ø§Ù‡Ù„ÙŠ'],"# The_additional_

payment_is_the_private hope of God is great from the private bank @snbalahli
 @SNBCares 
@SAMA_GOV
 @redfksa 
@SaudiHousingCC 
@RedfKsaCC  
@Capital_SNB 
@QuickPay_SNB", Theadditional paymentistheprivate hope of God is great from the private bank ,3
47,1.67E+18,2023-06-11 09:56:47+00:00,Ø§Ù„Ø¹Ù†Ø§ÙŠØ© Ø¨Ø§Ù„Ù…Ø³ØªÙÙŠØ¯ÙŠÙ† | Ø³ÙƒÙ†ÙŠ,"@nsovJSmh1zVgw55 @Abo__Sadeem @snbalahli @majedhogail @SAMA_GOV @malwahhabi @modern_11 @SNBCares @redfksa @RedfKsaCC @Capital_SNB @QuickPay_SNB Ù…Ø±Ø­Ø¨Ø§Ù‹ØŒ

Ø³Ø¹ÙŠØ§Ù‹ Ù„ØªÙˆÙÙŠØ± Ø£Ù†Ø³Ø¨ Ø§Ù„Ø­Ù„ÙˆÙ„ Ø§Ù„ØªÙ…ÙˆÙŠÙ„ÙŠØ© Ù„Ø£Ù‡Ø§Ù„ÙŠÙ†Ø§ Ø§Ù„Ù…Ø³ØªÙÙ",339,Qualtrics Social Connect,QuickPay_SNB,0,0,[],"@nsovJSmh1zVgw55 @Abo__Sadeem @snbalahli @majedhogail @SAMA_GOV @malwahhabi @modern_11 @SNBCares @redfksa @RedfKsaCC @Capital_SNB @QuickPay_SNB Hello,

In order to provide the most appropriate financing solutions to our beneficiaries, the beneficiaries of", Hello In order to provide the most appropriate financing solutions to our beneficiaries the beneficiaries of selfconstruction can receive the additional payment during the period of the financing contract after the approval of the funding entity and the submission of the necessary documents,3
48,1.67E+18,2023-06-08 20:09:07+00:00,QuickPay ÙƒÙˆÙŠÙƒ Ø¨Ø§ÙŠ,"@m72745646 Ù…Ø±Ø­Ø¨Ø§Ù‹ Ø¹Ø²ÙŠØ²ÙŠ Ø§Ù„Ø¹Ù…ÙŠÙ„ ğŸŒ¹
Ù†ØªÙ…Ù†Ù‰ Ù„Ùƒ ÙŠÙˆÙ… Ø¬Ù…ÙŠÙ„ØŒØŒ
Ù…Ø§ Ù‚Ø¯Ø±Ù†Ø§ Ù†ØªÙˆØ§ØµÙ„ Ù…Ø¹Ùƒ Ø¹Ø¨Ø± Ø§Ù„Ø±Ø³Ø§Ø¦Ù„ Ø§Ù„Ø®Ø§ØµØ© âœ‰ï¸
Ø¨Ø±Ø¬Ø§Ø¡ Ø§Ù„ØªÙˆØ§ØµÙ„ Ù…Ø¹Ù†Ø§ Ø¨Ø§Ù„Ø¶ØºØ· Ø¹Ù„Ù‰ Ø§Ù„Ø§ÙŠÙ‚ÙˆÙ†Ø© ğŸ”—
Ø§Ø­Ù†Ø§ Ù",202,Verint Messaging,QuickPay_SNB,0,0,[],"@m72745646 Hello dear customer ğŸŒ¹
Have a nice day,
How much we can communicate with you via private messages âœ‰ï¸
Please contact us by clicking on the icon ğŸ”—
We are waiting for you and you promise to satisfy you. 

(PR) https://t.co/AAwmOHsdEx", Hello dear customer rose Have nice day How much we can communicate with you via private messages envelopeï¸ Please contact us by clicking on the icon link We are waiting for you and you promise to satisfy you PR ,3
49,1.67E+18,2023-06-08 20:08:46+00:00,QuickPay ÙƒÙˆÙŠÙƒ Ø¨Ø§ÙŠ,"@m72745646 Ø§Ù„Ø³Ù„Ø§Ù… Ø¹Ù„ÙŠÙƒÙ… ÙˆØ±Ø­Ù…Ø© Ø§Ù„Ù„Ù‡ ÙˆØ¨Ø±ÙƒØ§ØªÙ‡   ğŸŒ¹
ØªØ¨Ø´Ø± Ø¨Ø§Ù„Ù„ÙŠ ÙŠØ±Ø¶ÙŠÙƒ
Ø±Ø§Ø­ Ù†ØªÙˆØ§ØµÙ„ Ù…Ø¹Ùƒ Ø¹Ø¨Ø± Ø§Ù„Ø±Ø³Ø§Ø¦Ù„ Ø§Ù„Ø®Ø§ØµØ© Ù„Ù„Ù…Ø²ÙŠØ¯ Ù…Ù† Ø§Ù„ØªÙØ§ØµÙŠÙ„ ÙˆÙ„ÙŠØªØ³Ù‡Ù„ Ø¹Ù„ÙŠÙ†Ø§ Ù…Ø³Ø§Ø¹Ø¯ØªÙƒ.
ÙŠÙˆÙ…Ùƒ",157,Verint Messaging,QuickPay_SNB,0,0,[],"@ m72745646 May the peace, mercy and blessings of God be upon you.   ğŸŒ¹
We will communicate with you
via private messages for more details and to make it easier for us to help you.
Have a nice day

ğŸ’š, P.R.", m72745646 May the peace mercy and blessings of God be upon you rose We will communicate with you via private messages for more details and to make it easier for us to help you Have nice day greenheart PR,3
50,1.67E+18,2023-06-08 19:47:28+00:00,m,"@QuickPay_SNB Ø§Ù„Ø³Ù„Ø§Ù… Ø¹Ù„ÙŠÙƒÙ…
Ø§Ø±Ø³Ù„Øª Ù„ÙƒÙ… Ù‚Ø¨Ù„ Ø´ÙˆÙŠ Ù‡Ø°ÙŠ Ø§Ù„ØµÙˆØ±Ø© Ø¨Ø­Ø³Ø§Ø¨ Ø«Ø§Ù†ÙŠ Ùˆ Ø¹Ù„Ù…Ø§ Ø¨Ø§Ù† Ù‡Ø°Ø§ Ø§Ù„Ø¬ÙˆØ§Ù„ Ø§Ù„ÙˆØ­ÙŠØ¯ Ø§Ù„Ù„ÙŠ Ø§Ø¯Ø®Ù„ ÙÙŠÙ‡ Ø§Ù„Ø¨Ø±Ù†Ø§Ù…Ø¬ Ùˆ ÙƒØ§Ù† Ø§Ù„ÙˆØ¶Ø¹ Ø¹Ù†Ø¯ÙŠ Ø·Ø¨ÙŠØ¹ÙŠ Ùˆ ÙØ¬Ø§Ù",180,Twitter for iPhone,QuickPay_SNB,0,0,[],"@QuickPay_SNB Assalamu Alaykum
I sent you a little before this picture with a second account and knowing that this is the only mobile in which I entered the program and the situation was normal and suddenly it became so https://t.co/fnuZk1lnW4", Assalamu Alaykum I sent you little before this picture with second account and knowing that this is the only mobile in which entered the program and the situation was normal and suddenly it became so ,1
51,1.67E+18,2023-06-08 19:30:27+00:00,QuickPay ÙƒÙˆÙŠÙƒ Ø¨Ø§ÙŠ,"@cr1278c Ùˆ Ø¹Ù„ÙŠÙƒÙ… Ø§Ù„Ø³Ù„Ø§Ù… ÙˆØ±Ø­Ù…Ø© Ø§Ù„Ù„Ù‡ ÙˆØ¨Ø±ÙƒØ§ØªÙ‡  ğŸŒ¹
Ù†ØªÙ…Ù†Ù‰ Ù„Ùƒ ÙŠÙˆÙ… Ø¬Ù…ÙŠÙ„ØŒØŒ
Ù…Ø§ Ù‚Ø¯Ø±Ù†Ø§ Ù†ØªÙˆØ§ØµÙ„ Ù…Ø¹Ùƒ Ø¹Ø¨Ø± Ø§Ù„Ø±Ø³Ø§Ø¦Ù„ Ø§Ù„Ø®Ø§ØµØ© âœ‰ï¸
Ø¨Ø±Ø¬Ø§Ø¡ Ø§Ù„ØªÙˆØ§ØµÙ„ Ù…Ø¹Ù†Ø§ Ø¨Ø§Ù„Ø¶ØºØ· Ø¹Ù„Ù‰ Ø§Ù„Ø§ÙŠÙ",217,Verint Messaging,QuickPay_SNB,0,0,[],"@ cr1278c May the peace, mercy and blessings of God be upon you.  ğŸŒ¹
Have a nice day,
How much we can communicate with you via private messages âœ‰ï¸
Please contact us by clicking on the icon ğŸ”—
We are waiting for you and you promise to satisfy you. ", cr1278c May the peace mercy and blessings of God be upon you rose Have nice day How much we can communicate with you via private messages envelopeï¸ Please contact us by clicking on the icon link We are waiting for you and you promise to satisfy you HA ,3
52,1.67E+18,2023-06-08 18:55:09+00:00,ÙˆØ¹Ø¯,"@QuickPay_SNB Ø§Ù„Ø³Ù„Ø§Ù… Ø¹Ù„ÙŠÙƒÙ… 
ØªØ¬ÙŠÙ†ÙŠ Ù‡Ø§Ù„Ø±Ø³Ø§Ù„Ø© Ø§Ø°Ø§ Ø¬ÙŠØª Ø¨Ø§Ø­ÙˆÙ„ Ø¹Ù„Ù…Ø§ Ø¨Ø§Ù†Ù‡ Ø§Ù„Ø¬ÙˆØ§Ù„ Ø§Ù„ÙˆØ­ÙŠØ¯ Ø§Ù„Ù„ÙŠ Ø§Ø¯Ø®Ù„ ÙÙŠÙ‡ Ø§Ù„Ø¨Ø±Ù†Ø§Ù…Ø¬ https://t.co/vLN1DGi9yu",127,Twitter for iPhone,QuickPay_SNB,0,0,[],"@QuickPay_SNB Assalamu Alaykum 
You get this message if you come around knowing that it is the only mobile in which I enter the program. https://t.co/vLN1DGi9yu", Assalamu Alaykum You get this message if you come around knowing that it is the only mobile in which enter the program ,2
53,1.67E+18,2023-06-08 15:39:06+00:00,QuickPay ÙƒÙˆÙŠÙƒ Ø¨Ø§ÙŠ,"@yunis2021 Ù†Ø³Ø¹Ø¯ Ø¨Ø®Ø¯Ù…ØªÙƒÙ… Ø¯Ø§Ø¦Ù…Ø§Ù‹ ğŸ’š 

(Ø³.Ø¯)",40,Verint Messaging,QuickPay_SNB,1,0,[],"@ yunis2021 We are always happy to serve you 

 ğŸ’š S.D.", yunis2021 We are always happy to serve you greenheart SLaughingbiggrinorlaughwithglasses,3
54,1.67E+18,2023-06-08 15:03:50+00:00,Ali Ahmed | General Account,@QuickPay_SNB Ø´ÙƒØ±Ø§ ØªÙ… Ø­Ù„ Ø§Ù„Ù…Ø´ÙƒÙ„Ø©,32,Twitter for Android,QuickPay_SNB,0,0,[],@QuickPay_SNB Thank you Problem solved, Thank you Problem solved,2
55,1.67E+18,2023-06-18 07:12:04+00:00,Ø§Ù„Ø¹ØªÙŠØ¨ÙŠ,@snbalahli Ù…Ø§ÙÙŠÙ‡ Ø£Ù…Ù„ Ù‡Ø§Ù„Ø¨Ù†Ùƒ ÙŠÙ†Ø²Ù„ Ø§Ù„Ø¯ÙØ¹Ù‡ Ø§Ù„Ø§Ø¶Ø§ÙØ© Ù„Ù„Ø¨Ù†Ø§Ø¡ Ø§Ù„Ø°Ø§ØªÙŠ ÙˆÙ„Ø§ Ø¥Ø¹Ø§Ø¯Ø© ØªÙ…ÙˆÙŠÙ„ Ø¹Ù‚Ø§Ø±ÙŠ Ù„Ù„ÙŠ Ø¹Ù‚ÙˆØ¯Ù‡Ù… Ù…Ø±Ø§Ø¨Ø­Ø©.  Ø¨Ù†Ùƒ ÙØ§Ø´Ù„ ÙØ§Ø´Ù„. Ø§Ù„Ø­Ù„ Ù†Ù†Ù‚Ù„ Ù„Ù„Ø¨Ù†ÙˆÙƒ Ø§Ù„Ø£Ø®Ø±Ù‰.,143,Twitter for iPhone,snbalahli,0,0,[],@ snbalahliThere is no hope that this bank will take down the payment in addition to self-construction and no real estate refinancing for their Murabaha contracts.  The solution we transfer to other banks., snbalahliThere is no hope that this bank will take down the payment in addition to selfconstruction and no real estate refinancing for their Murabaha contracts The solution we transfer to other banks,1
56,1.67E+18,2023-06-18 07:09:27+00:00,Ù…ÙˆØ§Ø·Ù† ØºÙŠÙˆØ±,"@snbalahli Ø§Ø³ØªÙ…ØªØ¹ Ø¨ÙˆØ¬Ø¹ Ø§Ù„Ø±Ø§Ø³ Ù…Ø¹ Ø¨Ù†Ùƒ Ø§Ù„Ø§Ù‡Ù„ÙŠ ..

Ø§Ù„Ù„Ù‡ ÙŠÙ„Ø¹Ù† Ø§Ù„Ø³Ø§Ø¹Ø© Ø§Ù„Ù„ÙŠ Ø¯Ù…Ø¬ØªÙˆØ§ ÙÙŠÙ‡Ø§ Ù…Ø¹ Ø¨Ù†Ùƒ Ø³Ø§Ù…Ø¨Ø§ ..

Ø¨Ù†Ùƒ ÙŠÙÙ‚Ø¯ Ø§Ù„Ù…ØµØ¯Ø§Ù‚ÙŠØ© .. ÙˆØ§Ø°Ø§ Ø±ØºØ¨ØªÙˆØ§ Ù…Ø¹Ø±ÙØ© ØµØ¯Ù‚ ÙƒÙ„Ø§Ù…ÙŠ Ø§Øª",194,Twitter for iPhone,snbalahli,0,0,[],"@snbalahli Enjoy the headache with Al-Ahli Bank..

May God curse the hour in which you merged with Samba Bank..

A bank that loses credibility, and if you want to know the sincerity of my words, I challenge you. There is a tweet for them that has no criti", Enjoy the headache with AlAhli Bank May God curse the hour in which you merged with Samba Bank A bank that loses credibility and if you want to know the sincerity of my words challenge you There is tweet for them that has no criticism and insults ,3
57,1.67E+18,2023-06-18 07:07:11+00:00,K_Khaled,"@snbalahli
Ù…Ø¹Ø§Ù…Ù„ØªÙŠ Ù…Ù† ØªØ§Ø±ÙŠØ® Ù¢Ù Ù¢Ù£/Ù¦/Ù¡
ØªÙ… Ø§Ø¹Ø§Ø¯Ù‡ ÙØªØ­Ù‡Ø§
ÙˆØ§Ù„Ø±Ø¯ Ø§Ù„Ù…ÙØªØ±Ø¶ ÙŠÙˆÙ… Ù¢Ù Ù¢Ù£/Ù¦/Ù¨
Ø§Ù„ÙŠÙˆÙ… Ù¢Ù Ù¢Ù£/Ù¦/Ù¡Ù¨
ÙŠÙˆÙ… Ù¥/Ù¢Ù¨ ØªÙ… Ø§Ø±Ø¬Ø§Ø¹ Ø§Ù„Ù…Ø¨Ù„Øº Ø§Ù„Ø¹ÙƒØ³ÙŠ Ø¨Ø­Ø³Ø§Ø¨ÙŠ Ø§Ù„Ø¬Ø§Ø±ÙŠ Ø­Ø³Ø¨ Ù‚Ø±Ø",276,Twitter for Android,snbalahli,0,0,[],"@snbalahli
My treatment since 1/6/2023
It was reopened
and the supposed response was on 8/6/2023
Today 18/06/2023
On 5/28, the reverse amount was returned to my current account according to the decision of SAMA. On 5/29, it was seized
One day only,
the cu", My treatment since It was reopened and the supposed response was on Today On the reverse amount was returned to my current account according to the decision of SAMA On it was seized One day only the customer service manager must check the operations from to and the amount is reflected in my account,2
58,1.67E+18,2023-06-18 07:06:58+00:00,Ø¹Ù€ØªÙ€Ø¨,@snbalahli Ø³Ø¤Ø§Ù„ Ù‡Ù„ Ù…Ø³Ù…ÙˆØ­ Ø§Ù„ØªØ¯Ø§ÙˆÙ„ Ø¨Ø§Ù„Ø¹Ù…Ù„Ø§Øª Ø§Ù„Ø±Ù‚Ù…ÙŠÙ‡ Ø¨Ø§Ù„Ø³Ø¹ÙˆØ¯ÙŠÙ‡ ÙˆØ¨Ø­Ø³Ø§Ø¨ÙŠ Ø§Ù„Ø´Ø®ØµÙŠ Ø¹Ù„Ù‰ Ø¨Ù†Ùƒ Ø§Ù„Ø§Ù‡Ù„ÙŠ Ø§Ùˆ ÙÙŠÙ‡ Ø´Ø±ÙˆØ· Ø§Ùˆ Ù…Ù†ØµØ§Øª Ù…Ø¹ÙŠÙ†Ù‡ Ø§Ùˆ Ø­Ø³Ø§Ø¨ Ù…Ø¹ÙŠÙ† Ù„Ø§Ø²Ù… Ø§Ø·Ù„Ø¹Ù‡ Ù…Ù† Ø§,164,Twitter for iPhone,snbalahli,0,0,[],"@ snbalahliQuestion Is it permissible to trade in digital currencies in Saudi Arabia with my personal account on Ahli Bank or in which there are certain conditions or platforms or a certain account that I need to see from Ahli, please tell me?", snbalahliQuestion Is it permissible to trade in digital currencies in Saudi Arabia with my personal account on Ahli Bank or in which there are certain conditions or platforms or certain account that need to see from Ahli please tell me,3
59,1.67E+18,2023-06-18 07:06:20+00:00,Ù‚Ø§Ù„ÙŠ,@snbalahli Ø§Ù†Ø§ Ø¹Ù†Ø¯ÙŠ Ø³ÙŠØ§Ø±Ù‡ Ù…Ø§Ø®Ø°Ù‡Ø§ Ø§Ù‚Ø³Ø§Ø·. Ù…Ù†ÙƒÙ… ÙˆÙƒÙŠØ´ØªÙ‡Ø§ ÙƒØ§Ù…Ù„ Ø§Ù„Ù…Ø¨Ù„Øº. Ø¬ÙŠØª Ø§Ø¨Ø­Ø· Ø§Ù„Ø³ÙŠØ§Ø±Ù‡ Ø¨Ø§Ø³Ù…ÙŠ ÙŠÙ‚ÙˆÙ„ÙˆÙ„ÙŠ Ø§Ù†ØªØ¸Ø± Ø±Ø³Ø§Ù„Ù‡ Ø§Ù„Ø§ÙØ±Ø§Øº ÙˆØ§Ù†Ø§ Ø§Ù„Ø­ÙŠÙ† Ù„ÙŠ Ù£Ø§Ø³Ø§Ø¨ÙŠØ¹ Ù…Ø§Ø¬Øª ØŸ,151,Twitter for iPhone,snbalahli,0,0,[],@snbalahli I have a car with installments. of you and its quiche the full amount. Jet surrounded the car in my name and told me to wait for the message of emptiness and I now have 3weeks maggot?!!!!!, have car with installments of you and its quiche the full amount Jet surrounded the car in my name and told me to wait for the message of emptiness and now have weeks maggot,3
60,1.67E+18,2023-06-18 07:00:19+00:00,Ø¹Ù„ÙŠ Ø§Ù„ØµØ¨Ù€Ø§Ø­,"@snbalahli Ù‡Ù„ ØªØ­ØªØ§Ø¬ Ø§Ù„Ù‰ Ù…Ø³Ø§Ø¹Ø¯Ø©ØŸ 
Ø§Ø¨Ø­Ø« Ø¹Ù† Ø§Ù„Ù…Ø³Ø§Ø¹Ø¯Ø© Ù…Ù† Ø®Ù„Ø§Ù„ Ø§Ù„Ø¯Ø±Ø¯Ø´Ø© Ø£Ùˆ Ø§Ù„ØªØ­Ø¯Ø« Ù…Ø¨Ø§Ø´Ø±Ø© Ø§Ù„Ù‰ Ù…Ø³ØªØ´Ø§Ø± Ø§Ù„ØªÙ…ÙˆÙŠÙ„ Ø§Ù„Ø¹Ù‚Ø§Ø±ÙŠ ' Ø§Ù„Ø±Ø³Ø§Ù„Ù‡ Ù‡Ø°ÙŠ Ø¬ØªÙ†ÙŠ Ø§ÙƒØ«Ø± Ù…Ù† Ù…Ø±Ù‡",140,Twitter for iPhone,snbalahli,0,0,[],"@snbalahli Do you need help? 
Look for help by chatting or talking directly to a mortgage advisor.", Laughingbiggrinorlaughwithglasseso you need help Look for help by chatting or talking directly to mortgage advisor,3
61,1.67E+18,2023-06-18 06:52:56+00:00,r,RT @snbalahli: Ø§Ø³ØªÙ…ØªØ¹ Ø¨Ø®ØµÙ… 25%Â  Ù„Ø¯Ù‰ ÙÙ†Ø¯Ù‚ Ø§Ù„Ø¨ÙŠÙ„Ø³Ø§Ù† Ø¹Ù†Ø¯ Ø§Ù„Ø¯ÙØ¹ Ø¨Ø§Ø³ØªØ®Ø¯Ø§Ù…#Ø¨Ø·Ø§Ù‚Ø§Øª_Ø§Ù„Ø£Ù‡Ù„ÙŠ_Ø§Ù„Ø§Ø¦ØªÙ…Ø§Ù†ÙŠØ©#Ø¨Ø·Ø§Ù‚Ø©_Ø§Ù„Ø£Ù‡Ù„ÙŠ_Ù…Ø³Ø¨Ù‚Ø©_Ø§Ù„Ø¯ÙØ¹#Ø¨Ø·Ø§Ù‚Ø©_Ø§Ù„Ø£Ù‡Ù„ÙŠ_Ù„Ù„Ø§Ø³ØªØ±Ø¯â€¦,140,Twitter for iPhone,snbalahli,0,1,[],RT @ snbalahli: Enjoy 25% discount at Al-Belsan Hotel when you pay using# Al-Ahly_Credit_Cards # Al-Ahly_Prepaid_Card# Al-Ahly_Card_for_redemption...,RT snbalahli Enjoy discount at AlBelsan Hotel when you pay using AlAhlyCreditCards AlAhlyPrepaidCard AlAhlyCardforredemption,3
62,1.67E+18,2023-06-18 06:40:41+00:00,ØºØµÙˆÙ†,@snbalahli @snbalahli Ø¬Ø§Ù†ÙŠ ØªÙ… ØªØ¬Ù…ÙŠØ¯ Ø­Ø³Ø§Ø¨ÙƒÙ… Ø¹Ø´Ø§Ù† Ø§Ù†ØªÙ‡Ø§Ø¡ Ø§Ù„Ù‡ÙˆÙŠÙ‡ Ø§Ù„ÙˆØ·Ù†ÙŠÙ‡ ÙˆØ§Ù†Ø§ Ù‡ÙˆÙŠØªÙŠ ØªÙˆÙ†ÙŠ Ù…Ø¬Ø¯Ø¯ØªÙ‡Ø§ Ù‚Ø¨Ù„ Ø³Ù†Ù‡ !!!!!!,108,Twitter for iPhone,snbalahli,0,0,[],"@ snbalahli@snbalahli Janni Your account has been frozen because of the end of the national identity, and I renewed my Tony identity a year ago !!!!!", snbalahli Janni Your account has been frozen because of the end of the national identity and renewed my Tony identity year ago ,2
63,1.67E+18,2023-06-18 06:32:28+00:00,Ø§Ù„Ø¹Ø§Ù„Ù…ÙŠÙ€ Ø§Ù„Ø§Ø³ØªØ«Ù†Ø§Ø¦ÙŠÙ€ğŸ’›ğŸ”,@snbalahli Ø§Ù‚Ø¯Ø± Ø§Ø·Ù„Ø¹ Ø¨Ø·Ø§Ù‚Ø© Ø§Ø¦ØªÙ…Ø§Ù†ÙŠØ©  ÙˆØ±Ø§ØªØ¨ÙŠ Ù„ÙŠØ³ Ø¹Ù„Ù‰ Ø§Ù„Ø§Ù‡Ù„ÙŠ,58,Twitter for iPhone,snbalahli,0,0,[],@ snbalahliI can see a credit card and my salary is not on my family, snbalahliI can see credit card and my salary is not on my family,2
64,1.67E+18,2023-06-18 06:30:42+00:00,naif___,"@SAMAcares Ø§Ù„Ø³Ù„Ø§Ù… Ø¹Ù„ÙŠÙƒÙ… 
Ø§Ø±Ø¬Ùˆ Ø§Ù„Ø±Ø¯ Ø¨Ø®ØµÙˆØµ Ø§Ù„Ø´ÙƒÙˆÙ‰ Ø§Ù„Ù…Ø±ÙÙˆØ¹Ù‡ Ø¶Ø¯ @snbalahli Ø¨Ø´Ø£Ù† Ø§Ù„Ø¯Ø¹Ù… Ø§Ù„Ø³ÙƒÙ†ÙŠ",88,Twitter for iPhone,snbalahli,0,0,[],"@SAMAcares Assalamu Alaykum 
Please respond regarding the complaint filed against @ snbalahliregarding the housing support", Assalamu Alaykum Please respond regarding the complaint filed against snbalahliregarding the housing support,1
65,1.67E+18,2023-06-18 06:28:27+00:00,Ø§Ù„Ø¨Ù†Ùƒ Ø§Ù„Ø£Ù‡Ù„ÙŠ Ø§Ù„Ø³Ø¹ÙˆØ¯ÙŠ,"Ø§Ø³ØªÙ…ØªØ¹ Ø¨Ø®ØµÙ… 25%Â  Ù„Ø¯Ù‰ ÙÙ†Ø¯Ù‚ Ø§Ù„Ø¨ÙŠÙ„Ø³Ø§Ù† Ø¹Ù†Ø¯ Ø§Ù„Ø¯ÙØ¹ Ø¨Ø§Ø³ØªØ®Ø¯Ø§Ù…#Ø¨Ø·Ø§Ù‚Ø§Øª_Ø§Ù„Ø£Ù‡Ù„ÙŠ_Ø§Ù„Ø§Ø¦ØªÙ…Ø§Ù†ÙŠØ©#Ø¨Ø·Ø§Ù‚Ø©_Ø§Ù„Ø£Ù‡Ù„ÙŠ_Ù…Ø³Ø¨Ù‚Ø©_Ø§Ù„Ø¯ÙØ¹#Ø¨Ø·Ø§Ù‚Ø©_Ø§Ù„Ø£Ù‡Ù„ÙŠ_Ù„Ù„Ø§Ø³ØªØ±Ø¯Ø§Ø¯_Ø§Ù„Ù†Ù‚Ø¯ÙŠ#Ø¨Ø·Ø§Ù‚Ø©_Ù…Ø¯Ù‰ Ù…Ù†
#Ø§Ù„Ø¨Ù†Ùƒ_Ø§Ù„Ø£Ù‡Ù„ÙŠ_Ø§Ù„Ø³Ø¹ÙˆØ¯ÙŠ Ù…Ù†#Ù…Ø§Ø³ØªØ±ÙƒØ§Ø±Ø¯Â 
Ù„Ù„Ù…Ø²ÙŠØ¯ ØªÙØ¶Ù„ Ø¨Ø²ÙŠØ§Ø±Ø© Ù…ÙˆÙ‚Ø¹Ù†Ø§ Ø§Ù„Ø¥Ù„ÙƒØªØ±ÙˆÙ†ÙŠÂ Â Â  https://t.co/a9wPGSwjDTÂ 
Â 
#Ø§Ù„Ø¨Ù†Ùƒ_Ø§Ù„Ø£Ù‡Ù„ÙŠ_Ø§Ù„Ø³Ø¹ÙˆØ¯ÙŠ https://t.co/jlKwApF8ZJ",295,Twitter for iPhone,snbalahli,6,1,"['Ø§Ù„Ø¨Ù†Ùƒ_Ø§Ù„Ø£Ù‡Ù„ÙŠ_Ø§Ù„Ø³Ø¹ÙˆØ¯ÙŠ', 'Ø§Ù„Ø¨Ù†Ùƒ_Ø§Ù„Ø£Ù‡Ù„ÙŠ_Ø§Ù„Ø³Ø¹ÙˆØ¯ÙŠ']","Enjoy 25% discount at Al Belsan Hotel when you pay using# AlAhliCard#AlAhliPayCard #AlAhliCard#AlAhliCard# AlAhliCard# AlAhliCard
# National_Bank ofSaudi Arabia from#MasterCardÂ 
For more visit our websiteÂ Â Â  https://t.co/a9wPGSwjDTÂ 
Â 
# Saudi_National_Bank https://t.co/jlKwApF8ZJ",Enjoy discount at Al Belsan Hotel when you pay using AlAhliCard AlAhliCard AlAhliCard NationalBank ofSaudi Arabia from For more visit our website SaudiNationalBank ,3
66,1.67E+18,2023-06-18 06:19:57+00:00,Ø§Ù„Ù…Ø¬Ø¯ÙˆØ¹ÙŠ Ù‡ÙŠÙˆÙ†Ø¯Ø§ÙŠ,@y_797 @aljabr_kia @AlJazirahFord @ToyotaALJ @snbalahli @havalsaudi Ø§Ù‡Ù„Ø§Ø¨Ùƒ Ø¹Ø²ÙŠØ²ÙŠ ØŒ Ø§Ù„Ø§Ù‚Ø³Ø§Ø· ÙˆØ§Ù„Ø¯ÙØ¹Ø§Øª Ù„ÙŠØ³Øª Ø«Ø§Ø¨ØªÙ‡ ØªØªÙ… Ø§Ù„Ø­Ø³Ø¨Ù‡ Ø­Ø³Ø¨ Ø§Ù„ØªØ²Ø§Ù…Ø§Øª ÙˆÙ…Ø¯ÙŠÙˆÙ†ÙŠØ§Øª Ø§Ù„Ø¹Ù…ÙŠÙ„ ÙˆØªØ®ØªÙ„Ù Ù…Ù† Ø¹Ù…ÙŠÙ„ Ø¥Ù„Ù,305,Twitter for iPhone,snbalahli,0,0,[],"@y_797 @ aljabr_kia @ AlJazirahFord @ToyotaALJ @ snbalahli @havalsaudi Dear , installments and payments are not fixed. The calculation is made according to the obligations and debts of the customer and varies from one customer to another. Please provide u", aljabrkia AlJazirahFord snbalahli Laughingbiggrinorlaughwithglassesear installments and payments are not fixed The calculation is made according to the obligations and debts of the customer and varies from one customer to another Please provide us with the contact information through your icon and you will be contacted by the sales consultant and your serviceblueheart ,1
67,1.67E+18,2023-06-18 06:12:30+00:00,K_Khaled,"@snbalahli
Ù…Ø¹Ø§Ù…Ù„Ù‡ ØªÙ… ØªØµØ¹ÙŠØ¯Ù‡Ø§ 
25 Ù…Ø±Ù‡ 
ÙˆÙ„Ù… ÙŠØªÙ… Ø§Ù„Ø±Ø¯
ØªØ§Ø±ÙŠØ® Ø§Ù„Ø±Ø¯ ÙÙŠ Ù†Ø¸Ø§Ù… Ø§Ù„Ø¨Ù†Ùƒ Ø§Ù„Ø£Ù‡Ù„ÙŠ 2023/6/8
Ø¹Ø²ÙŠØ²ÙŠ Ø§Ù„Ø¹Ù…ÙŠÙ„ØŒ Ù„Ù‚Ø¯ ØªÙ… Ø¥Ø¹Ø§Ø¯Ø© ÙØªØ­ Ø·Ù„Ø¨ÙƒÙ… Ø±Ù‚Ù… 2966845047244-0186 ÙˆØ¥Ø±Ø³Ø§Ù„Ù‡ Ù",273,Twitter for Android,snbalahli,0,0,[],"@snbalahli
An escalated transaction 
25 times 
and no response
Date of reply in the system of the National Bank 8/6/2023
Dear Customer, Your order # 2966845047244-0186 has been reopened and sent to the Customer Service Manager for return 
Study it. For de", An escalated transaction times and no response Laughingbiggrinorlaughwithglassesate of reply in the system of the National Bank Laughingbiggrinorlaughwithglassesear Customer Your order has been reopened and sent to the Customer Service Manager for return Study it For details please call Thank you for your dealings with the National Bank of Saudi Arabia,2
68,1.67E+18,2023-06-18 06:10:39+00:00,Wael A.H.84,"@snbalahli Ø§Ù„Ø³Ù„Ø§Ù… Ø¹Ù„ÙŠÙƒÙ… 
Ø­Ø¶Ø±Øª ÙØ±Ø¹ Ø§Ù„Ø¨Ù†Ùƒ Ø¨Ø§Ù„Ù…Ø¯ÙŠÙ†Ø© Ø§Ù„Ù…Ù†ÙˆØ±Ø© Ù„Ø§Ø¬Ù„ Ø§Ù†Ù‚Ù„ Ù…Ù„ÙƒÙŠØ© Ø§Ù„Ø³ÙŠØ§Ø±Ø© ÙˆØ¯ÙØ¹Øª Ø§Ù„Ù…Ø³ØªØ­Ù‚Ø§Øª ÙˆÙ‚Ø§Ù„ÙˆØ§ Ø§Ù†Ù‡ Ø§Ù„Ù…ÙˆØ¸Ù ØºØ§ÙŠØ¨ ÙˆØ§Ø¹Ø·ÙŠØª Ø§Ù„Ø§ÙˆØ±Ø§Ù‚ Ù„Ù…Ø¯ÙŠØ± Ø§Ù„Ø",291,Twitter for Android,snbalahli,0,0,[],"@ snbalahli Peace be upon you 
I attended the bank branch in Madinah in order to transfer the ownership of the car and paid the dues and they said that it is the employee Gabe and I gave the papers to the manager of the hall he said to give it to the empl", snbalahli Peace be upon you I attended the bank branch in Madinah in order to transfer the ownership of the car and paid the dues and they said that it is the employee Gabe and gave the papers to the manager of the hall he said to give it to the employee last Thursday and now do not know whether he raised the transaction or not I have to wait until noon for my turn to come Is this reasonable,3
69,1.67E+18,2023-06-18 05:47:30+00:00,Ø§Ù„Ø´Ù‡Ø±ÙŠ,"RT @aaasqasa1: Ø§Ù„Ø³Ù„Ø§Ù… Ø¹Ù„ÙŠÙƒÙ… ÙŠ @snbalahli

Ù‡Ù„ ÙÙŠÙ‡ Ø§Ù…Ù„ Ù„Ù„Ø¯ÙØ¹Ù‡ Ø§Ù„Ø§Ø¶Ø§ÙÙŠÙ‡  #Ø§Ù„Ø¯ÙØ¹Ù‡_Ø§Ù„Ø§Ø¶Ø§ÙÙŠÙ‡_Ø§Ù„Ø§Ù‡Ù„ÙŠ",93,Twitter for iPhone,snbalahli,0,2,['Ø§Ù„Ø¯ÙØ¹Ù‡_Ø§Ù„Ø§Ø¶Ø§ÙÙŠÙ‡_Ø§Ù„Ø§Ù‡Ù„ÙŠ'],"RT @aaasqasa1: Peace be upon you @snbalahli

Is there any hope for the additional payment?",RT Peace be upon you Is there any hope for the additional payment,2
70,1.67E+18,2023-06-18 05:21:24+00:00,Safeinase,@snbalahli Ù„Ø¯ÙŠ Ù…Ø´ÙƒÙ„Ù‡ Ø¨Ø§Ù„Ø·Ø§Ù‚Ø© Ø§Ù„Ø§Ø¦Ø¦ØªÙ…Ø§Ù†ÙŠÙ‡ Ø§ÙˆØ¯ Ø§Ù„ØªÙˆØ§ØµÙ„ Ù…Ø¹ÙƒÙ…,57,Twitter for Android,snbalahli,0,0,[],@ snbalahliI have a problem with credit energy I would like to contact you, snbalahliI have problem with credit energy would like to contact you,2
71,1.67E+18,2023-06-18 05:15:28+00:00,Mohammed,@snbalahli ÙƒÙŠÙ Ø§ØªÙˆØ§ØµÙ„ Ù…Ø¹ Ø®Ø¯Ù…Ø© Ø§Ù„Ø¹Ù…Ù„Ø§Ø¡ Ù„Ù„Ù‚Ø±Ø¶ Ø§Ù„ØªØ§Ø¬ÙŠØ±ÙŠ ØªØ¹Ø¨Øª Ùˆ Ø§Ù†Ø§ Ø§Ø­Ø§ÙˆÙ„ ğŸ˜…ğŸ’”,72,Twitter for iPhone,snbalahli,0,0,[],@ snbalahliHow do I contact the customer service of the rental loan? I am tired and I am trying ğŸ˜…ğŸ’”, snbalahliHow do contact the customer service of the rental loan am tired and am trying grinningfacewithsweatbrokenheart,1
72,1.67E+18,2023-06-18 05:05:14+00:00,A-alharpi,"@i_eva_o @snbalahli Ø§Ù„Ø§Ù† ØªØ·Ø¨ÙŠÙ‚ Ø§Ù„Ø§Ù‡Ù„ÙŠ Ù…Ø§ÙŠØ­ÙˆÙ„ 
Ø­Ø§ÙˆÙ„Øª Ø§ÙƒØ«Ø± Ù…Ù† Ù…Ø±Ø© Ù…Ø¹Ù„Ù‚",68,Twitter for iPhone,snbalahli,0,0,[],"@i_eva_o @ snbalahli Now the application of Al-Ahly does not turn 
I tried more than once, hanging.", snbalahli Now the application of AlAhly does not turn I tried more than once hanging,3
73,1.67E+18,2023-06-18 05:04:37+00:00,Ahmed mussa,@NorthAbhor @snbalahli Ø¨Ø¬Ù†Ø¨ Ø§Ù„Ø¨ÙŠØª Ø§Ø­Ù„Ù‰ Ø­Ø§Ø¬Ù‡,43,Twitter for Android,snbalahli,1,0,[],@ NorthAbhor@ snbalahli Next to the house is the sweetest thing, NorthAbhor snbalahli Next to the house is the sweetest thing,2
74,1.67E+18,2023-06-18 05:04:00+00:00,Ø§Ø³Ø§Ù„ Ø§Ø¨Ø­Ø± Ø§Ù„Ø´Ù…Ø§Ù„ÙŠÙ‡,"Ù‚Ø±ÙŠØ¨Ø§ Ø§Ù† Ø´Ø§Ø¡ Ø§Ù„Ù„Ù‡ Ø§ÙØªØªØ§Ø­ Ø§Ù„ÙØ±Ø¹ Ø§Ù„Ø¬Ø¯ÙŠØ¯ Ù„Ù„Ø¨Ù†Ùƒ Ø§Ù„Ø§Ù‡Ù„ÙŠ 

#Ø§Ø¨Ø­Ø±_Ø§Ù„Ø´Ù…Ø§Ù„ÙŠÙ‡ 
Ø­ÙŠ Ø§Ù„Ø¨Ù†Ø¯Ø± 
@snbalahli 

 https://t.co/w1utuLbueM",117,Twitter for iPhone,snbalahli,3,0,['Ø§Ø¨Ø­Ø±_Ø§Ù„Ø´Ù…Ø§Ù„ÙŠÙ‡'],"Soon God willing, the opening of the new branch of the National Bank 

# sail_the
_northern_neighborhood Bandar 
@snbalahli 

 https://t.co/w1utuLbueM",Soon God willing the opening of the new branch of the National Bank sailthe northernneighborhood Bandar ,3
75,1.67E+18,2023-06-18 05:03:38+00:00,Hlm,@snbalahli Ù„ÙˆØ³Ù…Ø­ØªÙˆ Ø§Ù„Ø¨Ø·Ø§Ù‚Ù‡ Ù…Ø§ØªÙ†Ø¶Ø§Ù Ø¨Ø§Ù„Ø¬ÙˆØ§Ù„ Ø­Ø§ÙˆÙ„Øª Ø¹Ù† Ø·Ø±ÙŠÙ‚ Ø§Ù„ØªØ·Ø¨ÙŠÙ‚ Ù…Ø§Ù†ÙØ¹ ÙˆØ­Ø¯Ø«Øª Ø§Ù„Ø¨Ø±Ù†Ø§Ù…Ø¬ ÙˆØ§Ù„Ø¬ÙˆØ§Ù„ ÙƒÙ…Ø§Ù† Ù…Ø§Ø¶Ø¨Ø·,104,Twitter for iPhone,snbalahli,0,0,[],"@ snbalahli Please, the card is not added to the mobile. I tried through the application, it is not useful and I updated the program and the mobile as well.", snbalahli Please the card is not added to the mobile tried through the application it is not useful and updated the program and the mobile as well,1
76,1.67E+18,2023-06-18 04:58:34+00:00,Ø¹Ø¨Ø¯Ø§Ù„Ù„Ù‡ Ø³Ø¹Ø¯,@snbalahli Ø£Ø¹Ø·ÙˆÙ†ÙŠ Ø¨Ø·Ø§Ù‚Ø© Ù…Ø¯Ù‰ ÙˆØ±Ù„Ø¯ Ø¨Ø³ Ù„Ù… ØªÙ‚Ø¨Ù„ Ø§Ù„Ø¯Ø®ÙˆÙ„ ÙÙŠ ØµØ§Ù„Ø§Øª Ø§Ù„Ù…Ø·Ø§Ø±Ø§Øª ÙˆØ¥Ø±Ø³Ø§Ù„ Ø§Ù„Ù‰ Ù…Ø§Ø³ØªØ±ÙƒØ§Ø±Ø¯ ÙˆÙ‚Ø§Ù„Ùˆ Ø±Ø§Ø¬Ø¹ Ø§Ù„Ø¨Ù†Ùƒ https://t.co/DmuJBcLaxq,130,Twitter for iPhone,snbalahli,0,0,[],"@ snbalahliThey gave me a Mada World card, but it did not accept to enter the airport lounges and send it to MasterCard and they said to check with the bank https://t.co/DmuJBcLaxq", snbalahliThey gave me Mada World card but it did not accept to enter the airport lounges and send it to MasterCard and they said to check with the bank ,2
77,1.67E+18,2023-06-18 04:57:42+00:00,Ù…Ø­Ù…Ø¯ Ø§Ù„Ø¹ÙŠØ³Ù‰,@snbalahli Ø£ÙƒØ«Ø± Ø¹Ù…Ù„Ø§Ø¡ Ø§Ù„Ø¨Ù†Ùƒ Ø§Ù„Ø£Ù‡Ù„ÙŠ Ù„Ù„Ø¨Ù†Ø§Ø¡ Ø§Ù„Ø°Ø§ØªÙŠ ÙÙŠ ÙˆØ±Ø·Ø© Ø­Ù‚ÙŠÙ‚ÙŠØ© ÙˆØ£Ù†Ø§ Ù…Ù†Ù‡Ù….  Ø§Ù„Ø±Ø§ØªØ¨ Ø£Ø®Ø°Ù‡ Ø§Ù„Ø¨Ù†Ùƒ Ø´Ø®ØµÙŠ ÙˆØ¹Ù‚Ø§Ø±ÙŠ ÙˆØ§Ù„Ø¯Ø¹Ù… Ø§Ù„Ø³ÙƒÙ†ÙŠ Ù…ØªÙˆÙ‚Ù ÙˆØ§Ù„Ø¨ÙŠØª Ø£ØµØ¨Ø­ Ù…Ø£ÙˆÙ‰ Ù„Ù„,212,Twitter for Android,snbalahli,0,0,[],"@snbalahli The most NCB customers are in real trouble and I am one of them.  Salary taken by the bank is personal, real estate and housing support is stopped and the house has become a shelter for birds and animals and  put it for sale, but it is mortgage", The most NCB customers are in real trouble and am one of them Salary taken by the bank is personal real estate and housing support is stopped and the house has become shelter for birds and animals and put it for sale but it is mortgaged to the National Bank real tragedy,3
78,1.67E+18,2023-06-18 04:57:03+00:00,Abdullah Mu. Alghamd,@snbalahli ÙˆÙƒÙ…Ø§Ù† ØªÙ†Ù‡ÙˆØ§ Ø§Ù„Ù…ÙƒØ§Ù„Ù…Ø© Ø¨Ø¯ÙˆÙ† Ø®Ø¯Ù…Ø©,41,Twitter for Android,snbalahli,0,0,[],@snbalahli They also ended the call without service, They also ended the call without service,2
79,1.67E+18,2023-06-18 04:55:59+00:00,Abdullah Mu. Alghamd,"@snbalahli ØªØ±Ø§Ù‡Ø§ Ù…ÙƒØ§Ø³Ø¨ Ø­Ø±Ø§Ù… Ø¨Ø¯ÙˆÙ† ÙˆØ¬Ù‡ Ø­Ù‚ 
ÙˆØ¥Ù„Ø§ Ø³ÙŠØ§Ù†
Ø¹Ù…ÙˆÙ…Ø§ Ù‡Ø°Ø§ Ù…Ø¨Ø±Ø± Ù„Ù„Ø¨Ø­Ø« Ø¹Ù† Ø¨Ø¯ÙŠÙ„",79,Twitter for Android,snbalahli,0,0,[],"@snbalahli You see it as unlawful gains without right 
Otherwise, it's all the same.
That's a good reason to look for a replacement.", You see it as unlawful gains without right Otherwise its all the same Thats good reason to look for replacement,3
80,1.67E+18,2023-06-18 04:54:11+00:00,Abdullah Mu. Alghamd,"@snbalahli Ø¹ÙŠØ¨ Ø¨Ù†Ùƒ ÙƒØ¨ÙŠØ± ÙŠØ³ØªØºÙÙ„ Ø§Ù„Ø¹Ù…Ù„Ø§Ø¡ ÙˆÙŠÙ…Ø§Ø±Ø³ Ø¹Ù„ÙŠÙ‡Ù… Ø¯ÙˆØ± Ø§Ù„Ø¨Ø±ØºÙˆØ«
Ù„ÙŠØ´ Ù© Ø¯Ù‚Ø§ÙŠÙ‚ Ø§Ù†ØªØ¸Ø± Ø±Ù…Ø² Ø§Ù„ØªÙØ¹ÙŠÙ„ 
Ø¹Ø´Ø§Ù† Ø·ÙˆÙ„ Ø§Ù„Ù…ÙƒØ§Ù„Ù…Ø© ÙŠØ­Ù‚Ù‚ Ù„ÙƒÙ… Ù…ÙƒØ§Ø³Ø¨",127,Twitter for Android,snbalahli,0,0,[],"@ snbalahliThe defect of a large bank that ignores customers and practices the role of fleas on them
Wait 9 minutes for activation code 
The length of the call makes you gain.", snbalahliThe defect of large bank that ignores customers and practices the role of fleas on them Wait minutes for activation code The length of the call makes you gain,3
81,1.67E+18,2023-06-18 04:50:30+00:00,Ù…Ø­Ù…Ø¯ Ø§Ù„Ø¹ÙŠØ³Ù‰,@snbalahli Ø£ÙƒØ«Ø± Ø¹Ù…Ù„Ø§Ø¡ Ø§Ù„Ø¨Ù†Ùƒ Ø§Ù„Ø£Ù‡Ù„ÙŠ Ù„Ù„Ø¨Ù†Ø§Ø¡ Ø§Ù„Ø°Ø§ØªÙŠ ÙÙŠ ÙˆØ±Ø·Ø© Ø­Ù‚ÙŠÙ‚ÙŠØ© ÙˆØ£Ù†Ø§ Ù…Ù†Ù‡Ù….  Ø§Ù„Ø±Ø§ØªØ¨ Ø£Ø®Ø°Ù‡ Ø§Ù„Ø¨Ù†Ùƒ Ø´Ø®ØµÙŠ ÙˆØ¹Ù‚Ø§Ø±ÙŠ ÙˆØ§Ù„Ø¯Ø¹Ù… Ø§Ù„Ø³ÙƒÙ†ÙŠ Ù…ØªÙˆÙ‚Ù ÙˆØ§Ù„Ø¨ÙŠØª Ø£ØµØ¨Ø­ Ù…Ø£ÙˆÙ‰ Ù„Ù„,213,Twitter for Android,snbalahli,0,0,[],"@snbalahli The most NCB customers are in real trouble and I am one of them.  Salary taken by the bank is personal, real estate and housing support is stopped and the house has become a shelter for birds and animals and  put it for sale, but it is mortgage", The most NCB customers are in real trouble and am one of them Salary taken by the bank is personal real estate and housing support is stopped and the house has become shelter for birds and animals and put it for sale but it is mortgaged to the National Bank real tragedy,3
82,1.67E+18,2023-06-18 04:42:20+00:00,Ø®Ø§Ù„Ø¯,@snbalahli Ø±Ø­Øª Ø§Ù„Ø¨Ù†Ùƒ ÙˆÙ‚Ø¯Ù…Øª ÙƒÙ„ Ø§Ù„Ø§ÙˆØ±Ø§Ù‚ Ø§Ù„Ù…Ø·Ù„ÙˆØ¨Ù‡ ÙˆØ±ÙØ¹ Ù„ÙŠ Ø§Ù„Ù…ÙˆØ¶Ù Ø·Ù„Ø¨ Ø¬Ø¯ÙˆÙ„Ù‡ ÙˆØ¬Ø§Ù†ÙŠ Ø±ÙØ¶ Ø¨Ø§Ù„Ø¬Ø¯ÙˆÙ„Ù‡,90,Twitter for Android,snbalahli,0,0,[],@ snbalahli I went to the bank and submitted all the required papers and the employee submitted to me a request for a schedule and the perpetrator refused to schedule, snbalahli went to the bank and submitted all the required papers and the employee submitted to me request for schedule and the perpetrator refused to schedule,2
83,1.67E+18,2023-06-18 04:25:21+00:00,i.evağŸ”—,"@snbalahli ØµØ¨Ø§Ø­ Ø§Ù„Ø®ÙŠØ± ğŸ’š
Ø¹Ù†Ø¯ÙŠ Ù…Ø´ÙƒÙ„Ø© Ø¨Ø³ÙŠØ·Ø©
Ø§Ù…Ø³ Ø§Ø¬Ø±ÙŠØª Ø­ÙˆØ§Ù„Ù‡ Ù…Ù† Ø§Ù„Ø£Ù‡Ù„ÙŠ Ø¥Ù„Ù‰ Ø§Ù„Ø§Ù†Ù…Ø§Ø¡ Ùˆ ÙˆØµÙ„ØªÙ†ÙŠ Ø±Ø³Ø§Ù„Ø© Ø¨Ø§Ù„Ø­ÙˆØ§Ù„Ø© Ø§Ù„ØµØ§Ø¯Ø±Ø© ÙˆÙƒÙ„ Ø´ÙŠØ¡ Ø§ÙˆÙƒ ğŸ‘ğŸ» Ùˆ Ø§Ù„ÙÙ„ÙˆØ³ Ø§Ù†Ø³Ø­Ø¨Øª Ø",287,Twitter for iPhone,snbalahli,0,0,[],"@snbalahli Good morning ğŸ’š
I have a simple problem
yesterday I made a transfer from Al-Ahly to Al-Namaa and I received a message with the outgoing transfer ğŸ‘ğŸ» and everything OK and the money withdrew naturally , but so far the transfer has not rea", Good morning greenheart I have simple problem yesterday made transfer from AlAhly to AlNamaa and received message with the outgoing transfer thumbsuplightskintone and everything OK and the money withdrew naturally but so far the transfer has not reached the AlNamaa account the problem is now in which bank The addressee or the addressee So that may know who is speaking to you grinningfacewithsweat and thank you whiteheartgreenheart,3
84,1.67E+18,2023-06-18 04:20:41+00:00,Ø§Ø¨ÙˆÙŠØ²ÙŠØ¯,"@snbalahli ÙƒÙŠÙ Ø§ØªÙˆØ§ØµÙ„ Ù…Ø¹ Ø®Ø¯Ù…Ø© Ø§Ù„Ø¹Ù…Ù„Ø§Ø¡
Ø´ÙƒØ±Ø§",42,Twitter for iPhone,snbalahli,0,0,[],"@ snbalahliHow do I contact customer service?
Thank you.", snbalahliHow do contact customer service Thank you,2
85,1.67E+18,2023-06-18 04:10:13+00:00,Majed,"RT @snbalahli: ØªÙ…ÙˆÙŠÙ„Ùƒ Ø§Ù„Ø´Ø®ØµÙŠ ØµØ§Ø± Ø£Ø³Ù‡Ù„ ÙˆØ£Ù‚Ø±Ø¨ Ù„Ùƒ
Ù„Ù…Ø²ÙŠØ¯ Ù…Ù† Ø§Ù„Ù…Ø¹Ù„ÙˆÙ…Ø§Øª Ø­ÙˆÙ„ Ø§Ù„Ø´Ø±ÙˆØ· Ùˆ Ø§Ù„Ø£Ø­ÙƒØ§Ù… ØªÙØ¶Ù„ Ø¨Ø²ÙŠØ§Ø±Ø© Ù…ÙˆÙ‚Ø¹Ù†Ø§ Ø§Ù„Ø¥Ù„ÙƒØªØ±ÙˆÙ†ÙŠ:

https://t.co/IDQmr0xâ€¦",140,Twitter for iPhone,snbalahli,0,6,[],"RT @ snbalahli: Your personal funding has become easier and closer to you
For more information on the terms and conditions, please visit our website:

https://t.co/IDQmr0xâ€¦",RT snbalahli Your personal funding has become easier and closer to you For more information on the terms and conditions please visit our website ,3
86,1.67E+18,2023-06-18 04:09:38+00:00,Majed,RT @RDIA: Ø§Ù„ØªÙ‚Ù‰ ÙØ±ÙŠÙ‚ ØªØ£Ø³ÙŠØ³ Ù‡ÙŠØ¦Ø© #Ø§Ù„Ø§Ø¨ØªÙƒØ§Ø± ÙØ±ÙŠÙ‚ Ø§Ù„Ø¨Ù†Ùƒ Ø§Ù„Ø£Ù‡Ù„ÙŠ Ø§Ù„Ø³Ø¹ÙˆØ¯ÙŠ @snbalahli Ù„Ù…Ù†Ø§Ù‚Ø´Ø© ÙØ±Øµ Ø§Ù„ØªØ¹Ø§ÙˆÙ† Ù„Ø¯Ø¹Ù… ÙˆØªÙ…ÙƒÙŠÙ† Ø§Ù„Ù‚Ø·Ø§Ø¹ Ø§Ù„Ø®Ø§Øµ ÙÙŠ Ù…Ø¬Ø§Ù„Ø§Øª Ø§Ù„Ø¨Ø­Ø«â€¦,140,Twitter for iPhone,snbalahli,0,8,['Ø§Ù„Ø§Ø¨ØªÙƒØ§Ø±'],RT @ RDIA: The #Innovation Authority's founding team met with the Saudi National Bank team @ snbalahli to discuss cooperation opportunities to support and empower the private sector in the fields of research...,RT RLaughingbiggrinorlaughwithglassesIA The Authoritys founding team met with the Saudi National Bank team snbalahli to discuss cooperation opportunities to support and empower the private sector in the fields of research,2
87,1.67E+18,2023-06-18 02:38:39+00:00,Ø¨Ø§ØªÙ…Ø§Ù† ğŸ¦‡,@alrajhibank @Soum_online @snbalahli  ØªØ¹Ù„Ù… Ø¹Ù†Ø¯Ù‡Ù… ÙØ¹Ù„ÙŠØ§Øª Ù…Ù‡Ùˆ Ø§Ù†Øª 24 Ø³Ø§Ø¹Ù‡ Ø®Ø±Ø¨Ø§Ù† Ø§Ù„ØªØ·Ø¨ÙŠÙ‚,85,Twitter for iPhone,snbalahli,0,0,[],@alrajhibank @Soum_online @ snbalahli You know they have fun activities you are 24 hours ruining the application, snbalahli You know they have fun activities you are hours ruining the application,3
88,1.67E+18,2023-06-18 02:02:59+00:00,KHOLOUD KHALED ğŸ‘‘,@snbalahli @SNBCares Ø¹Ù†Ø¯ÙŠ Ø§Ø³ØªÙØ³Ø§Ø± Ø§Ù„Ù„Ù‡ ÙŠØ³Ø¹Ø¯ÙƒÙ… Ø§ØªÙˆØ§ØµÙ„ÙˆØ§ Ù…Ø¹Ø§ÙŠØ§ Ø®Ø§Øµ,64,Twitter for iPhone,snbalahli,0,0,[],@ snbalahli@SNBCares I have an inquiry. May God make you happy to communicate with me privately, snbalahli have an inquiry May God make you happy to communicate with me privately,3
89,1.67E+18,2023-06-18 01:59:20+00:00,ğŸ‡¸ğŸ‡¦Î±â„“Ğ½Î±ÑĞ²Ñ”â™ª,@KhalidFM9 @sabbbank @snbalahli @AlRajhiBankCare Ù†Ø²Ù„Ùˆ Ù„Ùƒ Ø§Ù„Ù‚Ø±Ø¶ ÙˆÙ„Ø§ Ù„Ø³Ø§ Ø§ÙÙƒØ± Ø§Ø±ÙˆØ­ Ù„Ù‡Ù… Ø´Ø±Ø§Ø¡ Ù…Ø¯ÙŠÙˆÙ†ÙŠØ©,97,Twitter for iPhone,snbalahli,0,0,[],@ KhalidFM9@ sabbbank @snbalahli @ AlRajhiBankCareThey gave you the loan and I do not think I will go to them to buy a debt, KhalidFM9 sabbank AlRajhiBankCareThey gave you the loan and do not think will go to them to buy debt,2
90,1.67E+18,2023-06-18 01:43:00+00:00,Ø£Ø¯Ø¹ÙŠØ© â™¡,@snbalahli Ø§Ù„Ø³Ù„Ø§Ù… Ø¹Ù„ÙŠÙƒÙ… Ø§Ù†Ø§ Ø·Ù„Ø¨Øª Ù…Ù† Ù…ÙˆÙ‚Ø¹ ÙˆØªÙ… Ø³Ø­Ø¨ Ù…Ø¨Ù„Øº Ø²ÙŠØ§Ø¯Ù‡ Ù„ÙƒÙ…ØŸØŸØŸ ÙˆØ´ Ø§Ù„Ø³Ø¨Ø¨ Ù‡Ù„ Ù‡ÙŠ Ø±Ø³ÙˆÙ…ØŸ Ø§ÙˆÙ„ Ù…Ø±Ù‡ ØªØµÙŠØ± Ù…Ø¹ÙŠ ÙˆØªØ³Ø­Ø¨ÙˆÙ† Ù…Ù†ÙŠ Ù…Ø¨Ù„Øº,121,Twitter for iPhone,snbalahli,0,0,[],@ snbalahliAssalamu Alaykum I asked from the site and the amount of an increase was withdrawn for you??? What is the reason? Are they fees? The first time you are with me and you are withdrawing money from me, snbalahliAssalamu Alaykum asked from the site and the amount of an increase was withdrawn for you What is the reason Are they fees The first time you are with me and you are withdrawing money from me,3
91,1.67E+18,2023-06-18 01:29:20+00:00,lo,@snbalahli ØªØ¬ÙŠÙ†ÙŠ Ø±Ø³Ø§Ù„Ø© Ø§Ø³ØªÙ„Ø§Ù… Ø´Ø­Ù†Ù‡ ÙˆØ§Ù†Ø§ Ù…Ø§Ø·Ù„Ø¨Øª Ø¨Ø·Ø§Ù‚Ù‡ Ù…Ù† Ø¹Ù†Ø¯ÙƒÙ… Ø­Ù‚ Ø§ÙŠØ´ Ù‡Ø°Ø§ Ø§Ù„Ø´Ø­Ù†Ù‡ØŸØŸ,81,Twitter for iPhone,snbalahli,0,0,[],@ snbalahli You get a letter of receipt of a shipment and I did not ask for a card from you. What is the right of this shipment?, snbalahli You get letter of receipt of shipment and did not ask for card from you What is the right of this shipment,3
92,1.67E+18,2023-06-18 01:19:23+00:00,ahmed,"@snbalahli 

Ø§Ù„Ø³Ù„Ø§Ù… Ø¹Ù„ÙŠÙƒÙ…. 

 Ù‡Ù„ ÙŠØ³Ù‚Ø· Ø§Ù„Ù‚Ø±Ø¶ Ø§Ù„Ø¹Ù‚Ø§Ø±ÙŠ ÙÙŠ Ø­Ø§Ù„ Ø§Ù„ÙˆÙØ§Ø© ÙÙŠ Ø¨Ù†Ùƒ Ø§Ù„Ø±Ø§Ø¬Ø­ÙŠ ÙˆÙŠÙØ³Ù„ÙÙ… Ù„Ù„ÙˆØ±Ø«Ø© ØŸ!",98,Twitter for iPhone,snbalahli,0,0,[],"@ snbalahliPeace 

be upon you. 

 Will the mortgage loan lapse in case of death in Al Rajhi Bank and be handed over to the heirs?!", snbalahliPeace be upon you Will the mortgage loan lapse in case of death in Al Rajhi Bank and be handed over to the heirs,2
93,1.67E+18,2023-06-18 01:08:11+00:00,Ø¹Ù„ÙŠ Ø§Ù„Ø³Ù„Ø§Ù…ÙŠ,"RT @Mzagihilali: #Ø¨Ù†Ø¯Ø¹ÙŠ_Ø¹Ù„ÙŠÙƒ_ÙÙŠ_ÙƒÙ„_ÙˆÙ‚Øª

Ù…Ù† ÙŠÙ‚Ù Ø®Ù„Ù Ù…ØªØ¶Ø±Ø±ÙŠ Ø§Ù„Ø¨Ù†Ø§Ø¡ Ø§Ù„Ø°Ø§ØªÙŠ Ø§Ù„Ù…ØªØ³Ø¨Ø¨ Ø§Ù„Ø§ÙˆÙ„Ù‰ @redfksa Ø¨Ø¹Ø¯Ù… Ø§Ù„Ø³Ù…Ø§Ø­ Ø¨Ù†Ù‚Ù„ Ø§Ù„Ù…Ø¯ÙŠÙˆÙ†ÙŠÙ‡ Ø§Ù„Ù‰ Ø¨Ù†Ùƒ Ø§Ø®Ø± Ø¨Ø­ÙŠØ«â€¦",140,Twitter for iPhone,snbalahli,0,2,['Ø¨Ù†Ø¯Ø¹ÙŠ_Ø¹Ù„ÙŠÙƒ_ÙÙŠ_ÙƒÙ„_ÙˆÙ‚Øª'],"RT @ Mzagihilali: # Bendi_alai_you_at_all_time

Who stands behind those affected by the first self-construction @ redfksa by not allowing the transfer of indebtedness to another bank so thatâ€¦",RT Mzagihilali Bendialaiyouatalltime Who stands behind those affected by the first selfconstruction redfksa by not allowing the transfer of indebtedness to another bank so thatâ€¦,1
94,1.67E+18,2023-06-18 00:57:36+00:00,...,@snbalahli Ø­Ø§Ø·ÙŠÙ† Ø´Ø±ÙˆØ· ÙŠØµØ¹Ø¨ Ø¹Ù„ÙŠÙƒ ØªØ±Ù‚ÙŠØ© Ø­Ø³Ø§Ø¨Ùƒ Ø§Ù„Ù‰ ÙˆØ³Ø§Ù… Ø§Ùˆ ØºÙŠØ±Ù‡ .. ØºÙŠØ± Ù„Ùˆ ØªØ·Ù„Ø¨ Ø¯ÙØªØ± Ø´ÙŠÙƒØ§Øª ÙŠØ¬Ù‡Ø² Ø¨Ø¹Ø¯ 5 Ø§ÙŠØ§Ù… ÙˆÙ„Ø§Ø²Ù… ØªØ±ÙˆØ­ Ø¨Ù†ÙØ³Ùƒ ØªØ³ØªÙ„Ù…Ù‡ ÙØ±Ù‚ Ø¹Ù† Ø§Ù„Ø±Ø§Ø¬Ø­ÙŠ ØªØ·Ø¨Ø¹Ø© Ù,175,Twitter for iPhone,snbalahli,0,0,[],"@ snbalahliWe have conditions that make it difficult for you to upgrade your account to a badge or other .. Otherwise, if you ask for a checkbook that is prepared after 5 days, you must go yourself to receive it. A difference from Al Rajhi is printed from", snbalahliWe have conditions that make it difficult for you to upgrade your account to badge or other Otherwise if you ask for checkbook that is prepared after days you must go yourself to receive it difference from Al Rajhi is printed from selfservice and you are standing,1
95,1.67E+18,2023-06-18 00:52:30+00:00,Ø§Ù„Ù‡Ø¬Ù‡Ø§Ø¬ÙŠ MBSğŸ‡¸ğŸ‡¦,RT @salemalgarni4: @snbalahli Ø§Ù„Ù‚Ø±Ù†ÙŠ ÙˆØµÙ„ Ù„Ù„ÙØ¶Ø§Ø¡ ÙˆÙ†Ø²Ù„ ÙˆØ§Ù„Ù‚Ø±Ù†ÙŠ Ø§Ù„Ø«Ø§Ù†ÙŠ Ø¨Ø§Ù‚ÙŠ ÙŠÙ†ØªØ¸Ø± Ø§Ù„Ø¯ÙØ¹Ù‡ Ø§Ù„Ø§Ø¶Ø§ÙÙŠØ©  Ù…ØªÙ‰ ÙŠÙ†Ø²Ù„ Ø¨Ø§Ù‚ÙŠ Ù…Ø¹Ù„Ù‚ÙŠÙ† ÙÙŠ Ø§Ù„Ø§Ø­Ù„Ø§Ù…,127,Twitter for iPhone,snbalahli,0,2,[],"RT @ salemalgarni4: @ snbalahli Al-Qarni has reached the space and descended, and the second Qarni is waiting for the extra payment when the rest of them are suspended in dreams.",RT salemalgarni4 snbalahli AlQarni has reached the space and descended and the second Qarni is waiting for the extra payment when the rest of them are suspended in dreams,2
96,1.67E+18,2023-06-18 00:52:19+00:00,Ø§Ù„Ù‡Ø¬Ù‡Ø§Ø¬ÙŠ MBSğŸ‡¸ğŸ‡¦,RT @dbdob20021: @snbalahli Ø§Ù„Ø¯ÙØ¹Ù‡ Ø§Ù„Ø§Ø¶Ø§ÙÙŠÙ‡ ØªÙƒÙÙˆÙˆÙˆÙ†,50,Twitter for iPhone,snbalahli,0,1,[],RT @ dbdob20021: @ snbalahliThe extra payment is silent,RT dbdob20021 snbalahliThe extra payment is silent,2
97,1.67E+18,2023-06-18 00:52:08+00:00,Ø§Ù„Ù‡Ø¬Ù‡Ø§Ø¬ÙŠ MBSğŸ‡¸ğŸ‡¦,"RT @aaasqasa1: Ø§Ù„Ø³Ù„Ø§Ù… Ø¹Ù„ÙŠÙƒÙ… ÙŠ @snbalahli

Ù‡Ù„ ÙÙŠÙ‡ Ø§Ù…Ù„ Ù„Ù„Ø¯ÙØ¹Ù‡ Ø§Ù„Ø§Ø¶Ø§ÙÙŠÙ‡  #Ø§Ù„Ø¯ÙØ¹Ù‡_Ø§Ù„Ø§Ø¶Ø§ÙÙŠÙ‡_Ø§Ù„Ø§Ù‡Ù„ÙŠ",93,Twitter for iPhone,snbalahli,0,2,['Ø§Ù„Ø¯ÙØ¹Ù‡_Ø§Ù„Ø§Ø¶Ø§ÙÙŠÙ‡_Ø§Ù„Ø§Ù‡Ù„ÙŠ'],"RT @aaasqasa1: Peace be upon you @snbalahli

Is there any hope for the additional payment?",RT Peace be upon you Is there any hope for the additional payment,2
